cap-shape,cap-surface,cap-color,bruises,gill-attachment,gill-spacing,gill-size,gill-color,stalk-shape,stalk-surface-above-ring,stalk-surface-below-ring,stalk-color-above-ring,stalk-color-below-ring,veil-type,veil-color,ring-number,ring-type,spore-print-color,population,habitat,class
x,s,n,t,f,c,n,k,e,s,s,w,w,p,w,o,p,k,s,u,p
x,s,y,t,f,c,b,k,e,s,s,w,w,p,w,o,p,n,n,g,e
b,s,w,t,f,c,b,n,e,s,s,w,w,p,w,o,p,n,n,m,e
x,y,w,t,f,c,n,n,e,s,s,w,w,p,w,o,p,k,s,u,p
x,s,g,f,f,w,b,k,t,s,s,w,w,p,w,o,e,n,a,g,e
x,y,y,t,f,c,b,n,e,s,s,w,w,p,w,o,p,k,n,g,e
b,s,w,t,f,c,b,g,e,s,s,w,w,p,w,o,p,k,n,m,e
b,y,w,t,f,c,b,n,e,s,s,w,w,p,w,o,p,n,s,m,e
x,y,w,t,f,c,n,p,e,s,s,w,w,p,w,o,p,k,v,g,p
b,s,y,t,f,c,b,g,e,s,s,w,w,p,w,o,p,k,s,m,e
x,y,y,t,f,c,b,g,e,s,s,w,w,p,w,o,p,n,n,g,e
x,y,y,t,f,c,b,n,e,s,s,w,w,p,w,o,p,k,s,m,e
b,s,y,t,f,c,b,w,e,s,s,w,w,p,w,o,p,n,s,g,e
x,y,w,t,f,c,n,k,e,s,s,w,w,p,w,o,p,n,v,u,p
x,f,n,f,f,w,b,n,t,s,f,w,w,p,w,o,e,k,a,g,e
s,f,g,f,f,c,n,k,e,s,s,w,w,p,w,o,p,n,y,u,e
f,f,w,f,f,w,b,k,t,s,s,w,w,p,w,o,e,n,a,g,e
x,s,n,t,f,c,n,n,e,s,s,w,w,p,w,o,p,k,s,g,p
x,y,w,t,f,c,n,n,e,s,s,w,w,p,w,o,p,n,s,u,p
x,s,n,t,f,c,n,k,e,s,s,w,w,p,w,o,p,n,s,u,p
b,s,y,t,f,c,b,k,e,s,s,w,w,p,w,o,p,n,s,m,e
x,y,n,t,f,c,n,n,e,s,s,w,w,p,w,o,p,n,v,g,p
b,y,y,t,f,c,b,k,e,s,s,w,w,p,w,o,p,n,s,m,e
b,y,w,t,f,c,b,w,e,s,s,w,w,p,w,o,p,n,n,m,e
b,s,w,t,f,c,b,g,e,s,s,w,w,p,w,o,p,k,s,m,e
f,s,w,t,f,c,n,n,e,s,s,w,w,p,w,o,p,n,v,g,p
x,y,y,t,f,c,b,n,e,s,s,w,w,p,w,o,p,n,n,m,e
x,y,w,t,f,c,b,w,e,s,s,w,w,p,w,o,p,n,n,m,e
f,f,n,f,f,c,n,k,e,s,s,w,w,p,w,o,p,k,y,u,e
x,s,y,t,f,w,n,n,t,s,s,w,w,p,w,o,p,n,v,d,e
b,s,y,t,f,c,b,g,e,s,s,w,w,p,w,o,p,n,n,m,e
x,y,w,t,f,c,n,k,e,s,s,w,w,p,w,o,p,n,s,u,p
x,y,y,t,f,c,b,n,e,s,s,w,w,p,w,o,p,n,n,m,e
x,y,n,t,f,c,b,p,e,s,y,w,w,p,w,o,p,n,y,p,e
b,y,y,t,f,c,b,n,e,s,s,w,w,p,w,o,p,n,s,m,e
x,f,y,t,f,w,n,w,t,s,s,w,w,p,w,o,p,n,v,d,e
s,f,g,f,f,c,n,k,e,s,s,w,w,p,w,o,p,k,v,u,e
x,y,n,t,f,c,n,w,e,s,s,w,w,p,w,o,p,n,s,u,p
x,f,y,t,f,w,n,p,t,s,s,w,w,p,w,o,p,n,v,d,e
b,s,y,t,f,c,b,k,e,s,s,w,w,p,w,o,p,k,s,m,e
b,y,y,t,f,c,b,n,e,s,s,w,w,p,w,o,p,n,s,g,e
x,y,y,t,f,c,b,n,e,s,y,w,w,p,w,o,p,k,y,p,e
x,f,n,f,f,c,n,g,e,s,s,w,w,p,w,o,p,k,y,u,e
x,y,w,t,f,c,n,p,e,s,s,w,w,p,w,o,p,n,v,g,p
x,s,y,t,f,c,b,w,e,s,s,w,w,p,w,o,p,k,n,m,e
x,y,w,t,f,c,b,n,e,s,s,w,w,p,w,o,p,n,n,g,e
x,y,y,t,f,c,b,k,e,s,s,w,w,p,w,o,p,k,s,m,e
x,s,w,t,f,c,b,w,e,s,s,w,w,p,w,o,p,n,n,m,e
x,y,y,t,f,c,b,n,e,s,y,w,w,p,w,o,p,n,s,p,e
f,y,y,t,f,c,b,w,e,s,y,w,w,p,w,o,p,k,s,p,e
x,y,n,t,f,c,b,w,e,s,y,w,w,p,w,o,p,k,s,g,e
x,s,w,t,f,c,b,k,e,s,s,w,w,p,w,o,p,k,s,g,e
b,s,w,t,f,c,b,k,e,s,s,w,w,p,w,o,p,n,n,m,e
x,y,n,t,f,c,n,k,e,s,s,w,w,p,w,o,p,n,v,u,p
x,s,w,t,f,c,n,k,e,s,s,w,w,p,w,o,p,k,v,u,p
b,y,y,t,f,c,b,w,e,s,s,w,w,p,w,o,p,k,s,m,e
f,f,g,f,f,w,b,n,t,s,s,w,w,p,w,o,e,n,a,g,e
b,s,w,t,f,c,b,w,e,s,s,w,w,p,w,o,p,n,n,g,e
x,s,y,t,f,c,b,k,e,s,s,w,w,p,w,o,p,k,n,g,e
x,y,n,t,f,c,b,p,e,s,y,w,w,p,w,o,p,k,y,p,e
s,f,g,f,f,c,n,k,e,s,s,w,w,p,w,o,p,n,v,u,e
b,y,y,t,f,c,b,k,e,s,s,w,w,p,w,o,p,n,s,m,e
b,s,y,t,f,c,b,g,e,s,s,w,w,p,w,o,p,n,s,m,e
b,y,y,t,f,c,b,g,e,s,s,w,w,p,w,o,p,n,n,m,e
b,y,w,t,f,c,b,n,e,s,s,w,w,p,w,o,p,n,s,g,e
f,s,n,f,f,w,b,k,t,s,s,w,w,p,w,o,e,k,a,g,e
x,s,w,t,f,c,b,n,e,s,s,w,w,p,w,o,p,k,s,g,e
f,y,y,t,f,c,b,w,e,s,y,w,w,p,w,o,p,n,s,g,e
x,y,y,t,f,c,b,w,e,s,s,w,w,p,w,o,p,k,n,g,e
x,f,g,f,f,c,n,p,e,s,s,w,w,p,w,o,p,n,v,u,e
f,f,y,t,f,w,n,p,t,s,s,w,w,p,w,o,p,n,v,d,e
b,y,w,t,f,c,b,g,e,s,s,w,w,p,w,o,p,n,s,m,e
f,f,y,t,f,w,n,w,t,s,s,w,w,p,w,o,p,n,v,d,e
x,y,n,t,f,c,b,p,e,s,y,w,w,p,w,o,p,k,s,p,e
b,s,y,t,f,c,b,k,e,s,s,w,w,p,w,o,p,k,s,g,e
f,s,y,t,f,w,n,p,t,s,s,w,w,p,w,o,p,n,v,d,e
x,s,w,t,f,w,n,n,t,s,s,w,w,p,w,o,p,u,v,d,e
f,y,n,t,f,c,b,p,e,s,y,w,w,p,w,o,p,n,y,p,e
x,y,n,t,f,c,n,w,e,s,s,w,w,p,w,o,p,n,v,u,p
f,y,n,t,f,c,b,n,e,s,y,w,w,p,w,o,p,n,y,g,e
x,s,n,f,f,w,b,k,t,f,s,w,w,p,w,o,e,n,s,g,e
x,y,w,t,f,c,n,w,e,s,s,w,w,p,w,o,p,k,s,g,p
f,f,g,f,f,c,n,n,e,s,s,w,w,p,w,o,p,n,y,u,e
x,f,g,f,f,w,b,n,t,s,s,w,w,p,w,o,e,n,s,g,e
x,y,y,t,f,c,b,w,e,s,y,w,w,p,w,o,p,k,s,g,e
x,s,n,f,f,w,b,k,t,s,s,w,w,p,w,o,e,k,s,g,e
b,s,w,t,f,c,b,w,e,s,s,w,w,p,w,o,p,k,s,g,e
x,s,w,t,f,c,b,n,e,s,s,w,w,p,w,o,p,n,s,g,e
f,y,n,t,f,c,b,w,e,s,y,w,w,p,w,o,p,k,y,g,e
s,f,n,f,f,c,n,n,e,s,s,w,w,p,w,o,p,n,v,u,e
x,f,n,f,f,c,n,n,e,s,s,w,w,p,w,o,p,n,y,u,e
b,s,w,t,f,c,b,k,e,s,s,w,w,p,w,o,p,k,s,g,e
x,y,y,t,f,c,b,g,e,s,s,w,w,p,w,o,p,k,s,g,e
x,y,y,t,f,c,b,g,e,s,s,w,w,p,w,o,p,k,n,m,e
x,s,n,f,f,w,b,n,t,s,s,w,w,p,w,o,e,n,a,g,e
x,s,w,t,f,c,b,g,e,s,s,w,w,p,w,o,p,n,s,g,e
f,y,n,t,f,c,b,p,e,s,y,w,w,p,w,o,p,n,s,g,e
x,s,y,t,f,c,b,n,e,s,s,w,w,p,w,o,p,k,n,g,e
b,s,w,t,f,c,b,g,e,s,s,w,w,p,w,o,p,n,s,g,e
x,y,w,t,f,c,b,g,e,s,s,w,w,p,w,o,p,k,s,g,e
x,f,n,f,f,w,b,p,t,f,s,w,w,p,w,o,e,k,s,g,e
b,s,y,t,f,c,b,n,e,s,s,w,w,p,w,o,p,k,n,g,e
f,y,y,t,f,c,b,w,e,s,y,w,w,p,w,o,p,n,s,g,e
x,y,y,t,f,c,b,n,e,s,y,w,w,p,w,o,p,k,y,p,e
b,y,w,t,f,c,b,g,e,s,s,w,w,p,w,o,p,n,n,g,e
x,y,y,t,f,c,b,n,e,s,s,w,w,p,w,o,p,k,n,m,e
x,y,y,t,f,c,b,w,e,s,y,w,w,p,w,o,p,n,y,g,e
b,y,w,t,f,c,b,n,e,s,s,w,w,p,w,o,p,k,s,m,e
b,y,w,t,f,c,b,g,e,s,s,w,w,p,w,o,p,n,s,m,e
x,s,y,t,f,c,b,k,e,s,s,w,w,p,w,o,p,k,n,m,e
x,s,y,t,f,c,b,w,e,s,s,w,w,p,w,o,p,k,n,g,e
s,f,g,f,f,c,n,g,e,s,s,w,w,p,w,o,p,k,y,u,e
x,f,w,t,f,w,n,w,t,s,s,w,w,p,w,o,p,u,v,d,e
x,s,y,t,f,c,b,n,e,s,s,w,w,p,w,o,p,k,n,m,e
x,y,w,t,f,c,n,n,e,s,s,w,w,p,w,o,p,n,v,u,p
x,y,y,t,f,c,b,p,e,s,y,w,w,p,w,o,p,n,s,g,e
s,f,g,f,f,c,n,p,e,s,s,w,w,p,w,o,p,n,y,u,e
x,y,y,t,f,c,b,w,e,s,y,w,w,p,w,o,p,k,y,g,e
x,s,y,t,f,w,n,p,t,s,s,w,w,p,w,o,p,u,v,d,e
s,f,n,f,f,c,n,k,e,s,s,w,w,p,w,o,p,n,y,u,e
x,s,w,t,f,c,n,k,e,s,s,w,w,p,w,o,p,k,v,g,p
x,y,w,t,f,c,b,g,e,s,s,w,w,p,w,o,p,n,n,m,e
f,y,n,t,f,c,n,p,e,s,s,w,w,p,w,o,p,k,v,g,p
f,s,g,f,f,w,b,k,t,s,s,w,w,p,w,o,e,n,a,g,e
x,s,y,t,f,c,b,g,e,s,s,w,w,p,w,o,p,n,s,m,e
x,s,w,f,f,w,b,n,t,s,f,w,w,p,w,o,e,k,s,g,e
b,s,y,t,f,c,b,w,e,s,s,w,w,p,w,o,p,n,n,g,e
f,f,g,f,f,w,b,h,t,s,s,w,w,p,w,o,e,n,a,g,e
x,s,w,t,f,c,b,n,e,s,s,w,w,p,w,o,p,k,n,g,e
b,s,w,t,f,c,b,n,e,s,s,w,w,p,w,o,p,n,s,m,e
b,s,w,t,f,c,b,w,e,s,s,w,w,p,w,o,p,n,s,g,e
b,y,w,t,f,c,b,w,e,s,s,w,w,p,w,o,p,n,s,m,e
f,s,w,t,f,w,n,w,t,s,s,w,w,p,w,o,p,u,v,d,e
x,y,y,t,f,c,b,g,e,s,s,w,w,p,w,o,p,k,s,m,e
f,s,w,t,f,w,n,p,t,s,s,w,w,p,w,o,p,n,v,d,e
x,y,w,t,f,c,n,w,e,s,s,w,w,p,w,o,p,n,v,u,p
f,f,w,t,f,w,n,w,t,s,s,w,w,p,w,o,p,n,v,d,e
x,y,y,t,f,c,b,n,e,s,s,w,w,p,w,o,p,n,s,g,e
x,s,n,t,f,c,n,p,e,s,s,w,w,p,w,o,p,n,v,g,p
b,s,y,t,f,c,b,w,e,s,s,w,w,p,w,o,p,n,n,g,e
x,y,n,t,f,c,b,w,e,s,y,w,w,p,w,o,p,k,y,p,e
b,y,y,t,f,c,b,g,e,s,s,w,w,p,w,o,p,k,n,m,e
s,f,n,f,f,c,n,k,e,s,s,w,w,p,w,o,p,n,v,u,e
f,y,n,t,f,c,b,w,e,s,y,w,w,p,w,o,p,k,y,p,e
x,y,y,t,f,c,b,k,e,s,s,w,w,p,w,o,p,k,n,g,e
x,f,g,f,f,w,b,k,t,f,f,w,w,p,w,o,e,k,s,g,e
f,f,w,f,f,w,b,k,t,s,f,w,w,p,w,o,e,n,a,g,e
x,y,y,t,f,c,b,w,e,s,s,w,w,p,w,o,p,n,n,m,e
b,s,y,t,f,c,b,k,e,s,s,w,w,p,w,o,p,k,n,g,e
b,y,w,t,f,c,b,g,e,s,s,w,w,p,w,o,p,k,n,m,e
x,y,w,t,f,c,b,w,e,s,s,w,w,p,w,o,p,n,s,g,e
x,s,n,f,f,w,b,p,t,f,s,w,w,p,w,o,e,n,a,g,e
x,y,w,t,f,c,b,g,e,s,s,w,w,p,w,o,p,n,s,g,e
s,f,n,f,f,c,n,k,e,s,s,w,w,p,w,o,p,k,v,u,e
x,s,w,t,f,w,n,w,t,s,s,w,w,p,w,o,p,u,v,d,e
x,y,n,t,f,c,b,w,e,s,y,w,w,p,w,o,p,k,s,g,e
b,y,y,t,f,c,b,k,e,s,s,w,w,p,w,o,p,n,n,g,e
x,y,w,t,f,c,b,k,e,s,s,w,w,p,w,o,p,n,n,g,e
b,y,w,t,f,c,b,n,e,s,s,w,w,p,w,o,p,k,s,m,e
b,s,y,t,f,c,b,g,e,s,s,w,w,p,w,o,p,k,s,g,e
b,s,y,t,f,c,b,g,e,s,s,w,w,p,w,o,p,k,s,m,e
b,y,y,t,f,c,b,n,e,s,s,w,w,p,w,o,p,k,n,g,e
x,f,n,f,f,c,n,k,e,s,s,w,w,p,w,o,p,n,y,u,e
f,y,n,t,f,c,b,n,e,s,y,w,w,p,w,o,p,n,y,g,e
x,y,w,t,f,c,b,k,e,s,s,w,w,p,w,o,p,n,s,g,e
f,y,y,t,f,c,b,w,e,s,y,w,w,p,w,o,p,n,y,p,e
b,s,w,t,f,c,b,w,e,s,s,w,w,p,w,o,p,n,s,g,e
b,s,w,t,f,c,b,w,e,s,s,w,w,p,w,o,p,k,s,m,e
x,y,n,t,f,c,b,w,e,s,y,w,w,p,w,o,p,k,y,g,e
b,s,w,t,f,c,b,k,e,s,s,w,w,p,w,o,p,k,s,g,e
x,f,g,f,f,c,n,g,e,s,s,w,w,p,w,o,p,n,y,u,e
b,s,y,t,f,c,b,k,e,s,s,w,w,p,w,o,p,n,s,g,e
x,f,y,t,f,w,n,n,t,s,s,w,w,p,w,o,p,u,v,d,e
b,y,y,t,f,c,b,w,e,s,s,w,w,p,w,o,p,k,s,g,e
f,y,y,t,f,c,b,p,e,s,y,w,w,p,w,o,p,n,s,g,e
b,y,w,t,f,c,b,w,e,s,s,w,w,p,w,o,p,k,n,m,e
b,y,w,t,f,c,b,k,e,s,s,w,w,p,w,o,p,k,n,m,e
b,y,y,t,f,c,b,g,e,s,s,w,w,p,w,o,p,n,s,g,e
x,y,y,t,f,c,b,g,e,s,s,w,w,p,w,o,p,n,n,m,e
b,s,y,t,f,c,b,g,e,s,s,w,w,p,w,o,p,n,n,g,e
x,y,w,t,f,c,n,p,e,s,s,w,w,p,w,o,p,n,v,u,p
s,f,n,f,f,c,n,g,e,s,s,w,w,p,w,o,p,n,y,u,e
f,f,n,f,f,c,n,g,e,s,s,w,w,p,w,o,p,k,v,u,e
x,s,y,t,f,c,b,g,e,s,s,w,w,p,w,o,p,n,s,m,e
f,y,n,t,f,c,b,p,e,s,y,w,w,p,w,o,p,k,s,p,e
x,y,w,t,f,c,n,k,e,s,s,w,w,p,w,o,p,k,s,g,p
b,s,w,t,f,c,b,g,e,s,s,w,w,p,w,o,p,n,s,m,e
f,f,g,f,f,c,n,p,e,s,s,w,w,p,w,o,p,k,v,u,e
b,y,y,t,f,c,b,g,e,s,s,w,w,p,w,o,p,n,n,g,e
x,y,n,t,f,c,b,w,e,s,y,w,w,p,w,o,p,n,y,p,e
x,f,w,f,f,w,b,p,t,s,f,w,w,p,w,o,e,k,s,g,e
x,s,w,t,f,w,n,w,t,s,s,w,w,p,w,o,p,n,v,d,e
b,s,w,t,f,c,b,w,e,s,s,w,w,p,w,o,p,n,s,m,e
f,s,y,t,f,w,n,w,t,s,s,w,w,p,w,o,p,n,v,d,e
x,s,y,t,f,c,b,k,e,s,s,w,w,p,w,o,p,n,n,m,e
f,f,g,f,f,c,n,g,e,s,s,w,w,p,w,o,p,n,y,u,e
b,s,y,t,f,c,b,n,e,s,s,w,w,p,w,o,p,k,s,g,e
x,s,w,t,f,c,b,g,e,s,s,w,w,p,w,o,p,n,n,m,e
x,y,w,t,f,c,b,n,e,s,s,w,w,p,w,o,p,n,s,m,e
f,s,w,t,f,w,n,n,t,s,s,w,w,p,w,o,p,n,v,d,e
x,y,y,t,f,c,b,w,e,s,s,w,w,p,w,o,p,n,s,g,e
b,s,w,t,f,c,b,w,e,s,s,w,w,p,w,o,p,k,s,g,e
x,s,w,t,f,c,b,g,e,s,s,w,w,p,w,o,p,k,n,g,e
x,f,w,f,f,w,b,h,t,f,s,w,w,p,w,o,e,k,s,g,e
f,y,n,t,f,c,b,n,e,s,y,w,w,p,w,o,p,k,y,p,e
x,s,w,t,f,c,n,k,e,s,s,w,w,p,w,o,p,n,v,u,p
b,s,w,t,f,c,b,n,e,s,s,w,w,p,w,o,p,n,n,g,e
b,s,w,t,f,c,b,k,e,s,s,w,w,p,w,o,p,k,s,m,e
b,y,w,t,f,c,b,n,e,s,s,w,w,p,w,o,p,n,n,g,e
b,y,w,t,f,c,b,w,e,s,s,w,w,p,w,o,p,k,n,g,e
x,s,y,t,f,c,b,w,e,s,s,w,w,p,w,o,p,k,s,g,e
b,s,w,t,f,c,b,w,e,s,s,w,w,p,w,o,p,k,n,m,e
x,f,y,t,f,w,n,n,t,s,s,w,w,p,w,o,p,n,v,d,e
x,f,g,f,f,c,n,n,e,s,s,w,w,p,w,o,p,n,y,u,e
f,y,y,t,f,c,b,n,e,s,y,w,w,p,w,o,p,n,s,g,e
b,s,w,t,f,c,b,n,e,s,s,w,w,p,w,o,p,k,n,m,e
x,s,y,t,f,c,b,g,e,s,s,w,w,p,w,o,p,k,s,g,e
x,y,y,t,f,c,b,k,e,s,s,w,w,p,w,o,p,k,s,g,e
x,y,w,t,f,c,b,w,e,s,s,w,w,p,w,o,p,n,s,g,e
s,f,g,f,f,c,n,p,e,s,s,w,w,p,w,o,p,n,v,u,e
x,s,w,t,f,c,b,n,e,s,s,w,w,p,w,o,p,n,n,m,e
x,s,w,t,f,c,n,k,e,s,s,w,w,p,w,o,p,k,s,g,p
x,y,y,t,f,c,b,n,e,s,y,w,w,p,w,o,p,n,s,g,e
f,f,w,t,f,w,n,p,t,s,s,w,w,p,w,o,p,n,v,d,e
x,y,w,t,f,c,b,g,e,s,s,w,w,p,w,o,p,k,n,m,e
b,y,w,t,f,c,b,n,e,s,s,w,w,p,w,o,p,k,s,g,e
x,s,w,t,f,c,b,g,e,s,s,w,w,p,w,o,p,n,n,g,e
x,s,y,t,f,c,b,g,e,s,s,w,w,p,w,o,p,n,s,g,e
x,y,n,t,f,c,n,p,e,s,s,w,w,p,w,o,p,k,v,u,p
b,s,y,t,f,c,b,n,e,s,s,w,w,p,w,o,p,n,n,g,e
x,f,g,f,f,c,n,n,e,s,s,w,w,p,w,o,p,k,y,u,e
x,y,w,t,f,c,n,k,e,s,s,w,w,p,w,o,p,k,s,u,p
x,y,y,t,f,c,b,n,e,s,y,w,w,p,w,o,p,n,y,p,e
f,f,n,f,f,c,n,k,e,s,s,w,w,p,w,o,p,k,v,u,e
b,s,w,t,f,c,b,k,e,s,s,w,w,p,w,o,p,n,n,g,e
x,f,w,t,f,w,n,w,t,s,s,w,w,p,w,o,p,n,v,d,e
x,y,w,t,f,c,b,w,e,s,s,w,w,p,w,o,p,k,s,g,e
b,y,y,t,f,c,b,n,e,s,s,w,w,p,w,o,p,n,s,g,e
x,y,y,t,f,c,b,n,e,s,y,w,w,p,w,o,p,k,s,g,e
f,y,y,t,f,c,b,p,e,s,y,w,w,p,w,o,p,k,s,p,e
f,y,y,t,f,c,b,w,e,s,y,w,w,p,w,o,p,k,y,p,e
x,s,w,t,f,c,b,w,e,s,s,w,w,p,w,o,p,k,s,g,e
x,s,w,t,f,c,b,w,e,s,s,w,w,p,w,o,p,n,n,m,e
x,s,w,t,f,c,n,n,e,s,s,w,w,p,w,o,p,k,v,u,p
f,f,w,t,f,w,n,p,t,s,s,w,w,p,w,o,p,u,v,d,e
x,s,w,t,f,c,b,w,e,s,s,w,w,p,w,o,p,n,s,g,e
x,s,w,t,f,w,n,p,t,s,s,w,w,p,w,o,p,u,v,d,e
x,y,w,t,f,c,b,n,e,s,s,w,w,p,w,o,p,k,s,m,e
f,y,y,t,f,c,b,w,e,s,y,w,w,p,w,o,p,k,y,p,e
x,s,n,f,f,w,b,p,t,f,s,w,w,p,w,o,e,k,s,g,e
f,y,y,t,f,c,b,w,e,s,y,w,w,p,w,o,p,n,y,g,e
x,s,n,t,f,c,n,p,e,s,s,w,w,p,w,o,p,n,s,g,p
s,f,n,f,f,c,n,g,e,s,s,w,w,p,w,o,p,n,v,u,e
b,y,y,t,f,c,b,w,e,s,s,w,w,p,w,o,p,n,s,m,e
b,s,w,t,f,c,b,n,e,s,s,w,w,p,w,o,p,n,s,g,e
b,y,w,t,f,c,b,k,e,s,s,w,w,p,w,o,p,n,n,m,e
f,f,n,f,f,c,n,k,e,s,s,w,w,p,w,o,p,n,v,u,e
x,s,w,t,f,c,b,w,e,s,s,w,w,p,w,o,p,k,n,m,e
b,y,w,t,f,c,b,g,e,s,s,w,w,p,w,o,p,k,n,g,e
b,y,w,t,f,c,b,g,e,s,s,w,w,p,w,o,p,n,n,m,e
f,y,n,t,f,c,b,w,e,s,y,w,w,p,w,o,p,n,s,g,e
x,y,w,t,f,c,n,k,e,s,s,w,w,p,w,o,p,k,v,g,p
x,s,w,t,f,c,b,n,e,s,s,w,w,p,w,o,p,n,n,g,e
x,y,w,t,f,c,b,n,e,s,s,w,w,p,w,o,p,n,s,m,e
f,f,w,t,f,w,n,w,t,s,s,w,w,p,w,o,p,u,v,d,e
f,f,g,f,f,c,n,g,e,s,s,w,w,p,w,o,p,k,v,u,e
f,s,g,f,f,w,b,p,t,s,s,w,w,p,w,o,e,k,a,g,e
x,y,y,t,f,c,b,g,e,s,s,w,w,p,w,o,p,n,s,m,e
b,s,w,t,f,c,b,k,e,s,s,w,w,p,w,o,p,n,s,m,e
f,y,n,t,f,c,n,w,e,s,s,w,w,p,w,o,p,k,s,u,p
x,s,w,t,f,c,b,n,e,s,s,w,w,p,w,o,p,k,n,m,e
f,s,n,t,f,c,n,w,e,s,s,w,w,p,w,o,p,k,v,u,p
x,y,w,t,f,c,b,k,e,s,s,w,w,p,w,o,p,n,s,g,e
x,y,y,t,f,c,b,k,e,s,s,w,w,p,w,o,p,n,n,m,e
f,y,y,t,f,c,b,n,e,s,y,w,w,p,w,o,p,n,s,p,e
x,y,n,t,f,c,b,w,e,s,y,w,w,p,w,o,p,n,s,p,e
f,y,n,t,f,c,b,w,e,s,y,w,w,p,w,o,p,n,y,g,e
x,y,w,t,f,c,b,w,e,s,s,w,w,p,w,o,p,n,n,m,e
f,f,n,f,f,w,b,h,t,s,s,w,w,p,w,o,e,k,s,g,e
x,s,y,t,f,c,b,k,e,s,s,w,w,p,w,o,p,n,n,m,e
x,y,w,t,f,c,n,w,e,s,s,w,w,p,w,o,p,n,s,g,p
b,y,y,t,f,c,b,n,e,s,s,w,w,p,w,o,p,n,n,m,e
s,f,n,f,f,c,n,p,e,s,s,w,w,p,w,o,p,n,v,u,e
x,s,y,t,f,c,b,k,e,s,s,w,w,p,w,o,p,k,s,m,e
b,y,w,t,f,c,b,n,e,s,s,w,w,p,w,o,p,k,n,m,e
f,y,n,t,f,c,b,n,e,s,y,w,w,p,w,o,p,k,s,g,e
b,y,y,t,f,c,b,g,e,s,s,w,w,p,w,o,p,k,s,m,e
b,y,w,t,f,c,b,g,e,s,s,w,w,p,w,o,p,k,s,g,e
x,y,n,t,f,c,b,n,e,s,y,w,w,p,w,o,p,n,y,p,e
f,f,g,f,f,c,n,p,e,s,s,w,w,p,w,o,p,n,y,u,e
x,f,g,f,f,c,n,g,e,s,s,w,w,p,w,o,p,k,y,u,e
b,y,y,t,f,c,b,n,e,s,s,w,w,p,w,o,p,k,s,g,e
x,s,y,t,f,c,b,n,e,s,s,w,w,p,w,o,p,k,s,m,e
b,y,w,t,f,c,b,k,e,s,s,w,w,p,w,o,p,n,s,g,e
x,s,w,t,f,c,b,g,e,s,s,w,w,p,w,o,p,k,s,m,e
b,s,y,t,f,c,b,g,e,s,s,w,w,p,w,o,p,n,n,m,e
x,s,y,t,f,c,b,k,e,s,s,w,w,p,w,o,p,k,s,m,e
x,f,g,f,f,w,b,p,t,f,f,w,w,p,w,o,e,k,s,g,e
f,s,y,t,f,w,n,p,t,s,s,w,w,p,w,o,p,n,v,d,e
x,y,w,t,f,c,n,p,e,s,s,w,w,p,w,o,p,k,s,g,p
x,f,w,f,f,w,b,k,t,f,s,w,w,p,w,o,e,k,a,g,e
b,y,w,t,f,c,b,w,e,s,s,w,w,p,w,o,p,k,s,g,e
x,s,y,t,f,w,n,w,t,s,s,w,w,p,w,o,p,n,v,d,e
b,y,w,t,f,c,b,n,e,s,s,w,w,p,w,o,p,k,s,g,e
x,y,w,t,f,c,b,g,e,s,s,w,w,p,w,o,p,k,s,g,e
x,f,n,t,f,c,b,p,t,s,s,g,p,p,w,o,p,n,y,d,e
b,y,w,t,f,c,b,k,e,s,s,w,w,p,w,o,p,n,s,m,e
x,s,y,t,f,c,b,g,e,s,s,w,w,p,w,o,p,n,n,m,e
f,y,n,t,f,c,b,p,e,s,y,w,w,p,w,o,p,k,y,g,e
x,f,w,f,f,w,b,n,t,s,s,w,w,p,w,o,e,n,s,g,e
x,s,y,t,f,c,b,w,e,s,s,w,w,p,w,o,p,k,s,g,e
x,y,w,t,f,c,n,n,e,s,s,w,w,p,w,o,p,n,v,g,p
x,y,y,t,f,c,b,n,e,s,s,w,w,p,w,o,p,k,s,g,e
x,f,w,t,f,w,n,p,t,s,s,w,w,p,w,o,p,n,v,d,e
b,s,y,t,f,c,b,g,e,s,s,w,w,p,w,o,p,n,n,g,e
x,y,w,t,f,c,n,k,e,s,s,w,w,p,w,o,p,k,v,u,p
x,s,y,t,f,w,n,w,t,s,s,w,w,p,w,o,p,n,v,d,e
x,y,w,t,f,c,b,k,e,s,s,w,w,p,w,o,p,k,n,m,e
x,f,w,t,f,w,n,n,t,s,s,w,w,p,w,o,p,n,v,d,e
f,s,w,t,f,w,n,w,t,s,s,w,w,p,w,o,p,n,v,d,e
x,y,y,t,f,c,b,k,e,s,s,w,w,p,w,o,p,n,s,m,e
f,f,y,t,f,w,n,w,t,s,s,w,w,p,w,o,p,u,v,d,e
x,s,w,t,f,c,b,w,e,s,s,w,w,p,w,o,p,k,s,g,e
b,y,y,t,f,c,b,n,e,s,s,w,w,p,w,o,p,k,s,m,e
x,y,n,t,f,c,b,p,e,s,y,w,w,p,w,o,p,n,s,p,e
b,y,w,t,f,c,b,k,e,s,s,w,w,p,w,o,p,k,n,g,e
x,s,y,t,f,c,b,n,e,s,s,w,w,p,w,o,p,n,s,m,e
x,y,n,t,f,c,n,n,e,s,s,w,w,p,w,o,p,n,v,u,p
b,s,y,t,f,c,b,w,e,s,s,w,w,p,w,o,p,k,n,g,e
b,y,w,t,f,c,b,g,e,s,s,w,w,p,w,o,p,k,n,g,e
x,y,n,t,f,c,n,w,e,s,s,w,w,p,w,o,p,k,v,u,p
b,s,w,t,f,c,b,n,e,s,s,w,w,p,w,o,p,k,s,m,e
b,y,y,t,f,c,b,w,e,s,s,w,w,p,w,o,p,n,n,m,e
b,y,y,t,f,c,b,n,e,s,s,w,w,p,w,o,p,k,s,g,e
x,y,w,t,f,c,b,g,e,s,s,w,w,p,w,o,p,n,n,g,e
x,f,n,t,f,c,b,p,t,s,s,p,w,p,w,o,p,k,y,d,e
x,y,n,t,f,c,b,w,e,s,y,w,w,p,w,o,p,k,y,g,e
b,s,y,t,f,c,b,n,e,s,s,w,w,p,w,o,p,n,s,g,e
x,f,g,f,f,c,n,g,e,s,s,w,w,p,w,o,p,n,v,u,e
x,y,n,t,f,c,b,n,e,s,y,w,w,p,w,o,p,k,y,g,e
x,s,w,t,f,c,b,k,e,s,s,w,w,p,w,o,p,n,s,g,e
b,y,w,t,f,c,b,n,e,s,s,w,w,p,w,o,p,k,n,g,e
x,s,y,t,f,c,b,g,e,s,s,w,w,p,w,o,p,k,s,m,e
f,f,y,t,f,w,n,p,t,s,s,w,w,p,w,o,p,n,v,d,e
b,y,y,t,f,c,b,g,e,s,s,w,w,p,w,o,p,n,s,g,e
x,f,n,f,f,w,b,n,t,s,f,w,w,p,w,o,e,n,a,g,e
x,f,y,t,f,w,n,n,t,s,s,w,w,p,w,o,p,n,v,d,e
x,s,y,t,f,c,b,n,e,s,s,w,w,p,w,o,p,n,n,m,e
f,s,g,f,f,w,b,n,t,s,f,w,w,p,w,o,e,k,s,g,e
x,f,n,f,f,c,n,g,e,s,s,w,w,p,w,o,p,n,y,u,e
f,s,g,f,f,w,b,h,t,f,f,w,w,p,w,o,e,n,a,g,e
f,y,n,t,f,c,b,p,e,s,y,w,w,p,w,o,p,n,s,p,e
b,y,w,t,f,c,b,k,e,s,s,w,w,p,w,o,p,n,s,g,e
b,s,y,t,f,c,b,k,e,s,s,w,w,p,w,o,p,k,s,m,e
x,y,y,t,f,c,b,w,e,s,y,w,w,p,w,o,p,k,s,p,e
s,f,g,f,f,c,n,g,e,s,s,w,w,p,w,o,p,n,v,u,e
f,y,n,t,f,c,b,p,e,s,y,w,w,p,w,o,p,n,y,p,e
x,y,n,t,f,c,n,k,e,s,s,w,w,p,w,o,p,k,s,u,p
x,y,y,t,f,c,b,p,e,s,y,w,w,p,w,o,p,n,y,p,e
x,y,y,t,f,c,b,w,e,s,s,w,w,p,w,o,p,n,s,g,e
x,f,n,f,f,w,b,h,t,s,f,w,w,p,w,o,e,n,s,g,e
x,f,n,f,f,w,b,p,t,f,f,w,w,p,w,o,e,k,a,g,e
f,s,n,f,f,w,b,k,t,f,s,w,w,p,w,o,e,k,a,g,e
f,y,n,t,f,c,b,n,e,s,y,w,w,p,w,o,p,n,s,p,e
x,s,y,t,f,c,b,w,e,s,s,w,w,p,w,o,p,k,n,g,e
f,f,n,f,f,c,n,p,e,s,s,w,w,p,w,o,p,k,v,u,e
x,y,y,t,f,c,b,w,e,s,y,w,w,p,w,o,p,n,s,p,e
x,f,y,t,f,w,n,p,t,s,s,w,w,p,w,o,p,u,v,d,e
b,y,y,t,f,c,b,g,e,s,s,w,w,p,w,o,p,n,n,g,e
x,f,g,f,f,w,b,n,t,s,s,w,w,p,w,o,e,k,s,g,e
x,y,y,t,f,c,b,w,e,s,y,w,w,p,w,o,p,n,s,g,e
f,y,n,t,f,c,b,n,e,s,y,w,w,p,w,o,p,k,y,g,e
x,s,y,t,f,c,b,w,e,s,s,w,w,p,w,o,p,k,s,m,e
s,f,n,f,f,c,n,n,e,s,s,w,w,p,w,o,p,n,y,u,e
x,s,w,t,f,c,b,k,e,s,s,w,w,p,w,o,p,k,s,m,e
b,s,w,t,f,c,b,n,e,s,s,w,w,p,w,o,p,k,n,g,e
s,f,n,f,f,c,n,k,e,s,s,w,w,p,w,o,p,k,y,u,e
b,y,y,t,f,c,b,n,e,s,s,w,w,p,w,o,p,n,n,m,e
x,y,y,t,f,c,b,k,e,s,s,w,w,p,w,o,p,n,n,g,e
b,y,y,t,f,c,b,k,e,s,s,w,w,p,w,o,p,n,s,g,e
x,y,n,t,f,c,n,p,e,s,s,w,w,p,w,o,p,k,s,u,p
x,s,w,f,f,w,b,k,t,f,s,w,w,p,w,o,e,n,s,g,e
x,y,w,t,f,c,b,w,e,s,s,w,w,p,w,o,p,k,s,m,e
b,s,w,t,f,c,b,g,e,s,s,w,w,p,w,o,p,n,n,g,e
x,f,n,t,f,c,b,n,t,s,s,g,w,p,w,o,p,n,y,d,e
x,s,n,t,f,c,n,w,e,s,s,w,w,p,w,o,p,n,s,u,p
x,y,n,t,f,c,b,w,e,s,y,w,w,p,w,o,p,k,y,p,e
x,s,n,f,f,w,b,n,t,s,s,w,w,p,w,o,e,k,a,g,e
b,y,y,t,f,c,b,n,e,s,s,w,w,p,w,o,p,k,n,m,e
x,s,y,t,f,c,b,w,e,s,s,w,w,p,w,o,p,n,n,m,e
b,s,y,t,f,c,b,n,e,s,s,w,w,p,w,o,p,n,s,m,e
x,s,y,t,f,c,b,g,e,s,s,w,w,p,w,o,p,k,n,m,e
b,y,w,t,f,c,b,n,e,s,s,w,w,p,w,o,p,n,n,g,e
x,f,g,f,f,c,n,k,e,s,s,w,w,p,w,o,p,n,v,u,e
f,y,n,t,f,c,b,w,e,s,y,w,w,p,w,o,p,k,s,g,e
x,f,g,f,f,w,b,h,t,f,f,w,w,p,w,o,e,n,a,g,e
x,s,w,t,f,c,b,k,e,s,s,w,w,p,w,o,p,n,n,m,e
x,y,y,t,f,c,b,w,e,s,s,w,w,p,w,o,p,n,s,m,e
x,f,g,f,f,c,n,n,e,s,s,w,w,p,w,o,p,k,v,u,e
x,s,n,t,f,c,n,p,e,s,s,w,w,p,w,o,p,n,s,u,p
b,y,w,t,f,c,b,w,e,s,s,w,w,p,w,o,p,n,n,g,e
b,y,w,t,f,c,b,n,e,s,s,w,w,p,w,o,p,k,n,m,e
x,y,n,t,f,c,n,p,e,s,s,w,w,p,w,o,p,n,v,u,p
b,s,y,t,f,c,b,w,e,s,s,w,w,p,w,o,p,n,s,m,e
x,s,w,t,f,c,b,k,e,s,s,w,w,p,w,o,p,n,s,m,e
x,y,y,t,f,c,b,n,e,s,s,w,w,p,w,o,p,k,s,m,e
b,y,y,t,f,c,b,n,e,s,s,w,w,p,w,o,p,n,n,g,e
x,s,w,t,f,c,b,g,e,s,s,w,w,p,w,o,p,n,s,m,e
x,s,w,t,f,c,b,g,e,s,s,w,w,p,w,o,p,k,s,g,e
x,y,n,t,f,c,b,w,e,s,y,w,w,p,w,o,p,n,y,p,e
x,s,w,t,f,c,b,w,e,s,s,w,w,p,w,o,p,n,s,m,e
x,s,n,f,f,w,b,n,t,f,f,w,w,p,w,o,e,k,s,g,e
x,y,n,t,f,c,b,n,e,s,y,w,w,p,w,o,p,n,s,p,e
x,y,y,t,f,c,b,n,e,s,y,w,w,p,w,o,p,k,y,g,e
x,y,n,t,f,c,n,k,e,s,s,w,w,p,w,o,p,k,v,g,p
b,y,y,t,f,c,b,w,e,s,s,w,w,p,w,o,p,n,n,g,e
x,f,w,t,f,w,n,p,t,s,s,w,w,p,w,o,p,u,v,d,e
x,s,n,t,f,c,n,w,e,s,s,w,w,p,w,o,p,k,s,u,p
x,y,y,t,f,c,b,k,e,s,s,w,w,p,w,o,p,k,n,g,e
f,f,g,f,f,w,b,h,t,f,f,w,w,p,w,o,e,n,a,g,e
x,y,w,t,f,c,b,n,e,s,s,w,w,p,w,o,p,k,s,g,e
b,y,w,t,f,c,b,w,e,s,s,w,w,p,w,o,p,n,s,m,e
x,y,n,t,f,c,n,p,e,s,s,w,w,p,w,o,p,n,s,u,p
f,y,n,t,f,c,b,w,e,s,y,w,w,p,w,o,p,k,s,g,e
x,s,w,t,f,c,b,n,e,s,s,w,w,p,w,o,p,n,n,m,e
x,s,w,t,f,w,n,n,t,s,s,w,w,p,w,o,p,n,v,d,e
f,y,n,t,f,c,b,n,e,s,y,w,w,p,w,o,p,n,y,p,e
b,s,w,t,f,c,b,k,e,s,s,w,w,p,w,o,p,n,n,m,e
x,s,w,f,f,w,b,p,t,f,f,w,w,p,w,o,e,k,a,g,e
f,f,g,f,f,c,n,n,e,s,s,w,w,p,w,o,p,n,v,u,e
x,y,w,t,f,c,b,g,e,s,s,w,w,p,w,o,p,n,s,g,e
x,y,y,t,f,c,b,n,e,s,y,w,w,p,w,o,p,n,y,g,e
b,s,y,t,f,c,b,g,e,s,s,w,w,p,w,o,p,n,s,g,e
b,s,y,t,f,c,b,w,e,s,s,w,w,p,w,o,p,k,s,g,e
f,s,w,t,f,w,n,n,t,s,s,w,w,p,w,o,p,n,v,d,e
b,s,w,t,f,c,b,w,e,s,s,w,w,p,w,o,p,k,n,m,e
x,f,y,t,f,w,n,n,t,s,s,w,w,p,w,o,p,u,v,d,e
x,y,w,t,f,c,b,g,e,s,s,w,w,p,w,o,p,n,n,m,e
b,y,y,t,f,c,b,k,e,s,s,w,w,p,w,o,p,n,n,m,e
x,y,n,t,f,c,b,p,e,s,y,w,w,p,w,o,p,n,y,p,e
x,y,w,t,f,c,b,n,e,s,s,w,w,p,w,o,p,k,s,m,e
x,y,w,t,f,c,b,g,e,s,s,w,w,p,w,o,p,k,s,m,e
x,y,y,t,f,c,b,p,e,s,y,w,w,p,w,o,p,k,y,p,e
x,y,w,t,f,c,b,n,e,s,s,w,w,p,w,o,p,k,n,m,e
x,s,y,t,f,c,b,w,e,s,s,w,w,p,w,o,p,k,n,m,e
x,y,n,t,f,c,b,p,e,s,y,w,w,p,w,o,p,k,s,g,e
x,s,w,t,f,c,b,n,e,s,s,w,w,p,w,o,p,n,n,g,e
f,y,n,t,f,c,b,n,e,s,y,w,w,p,w,o,p,k,s,g,e
b,s,w,t,f,c,b,w,e,s,s,w,w,p,w,o,p,k,s,m,e
x,f,n,t,f,c,b,n,t,s,s,g,p,p,w,o,p,n,y,d,e
x,y,w,t,f,c,b,k,e,s,s,w,w,p,w,o,p,n,s,m,e
b,s,w,t,f,c,b,g,e,s,s,w,w,p,w,o,p,k,n,g,e
b,s,y,t,f,c,b,g,e,s,s,w,w,p,w,o,p,k,n,m,e
x,f,y,t,f,w,n,p,t,s,s,w,w,p,w,o,p,n,v,d,e
b,s,w,t,f,c,b,g,e,s,s,w,w,p,w,o,p,n,n,m,e
x,s,g,f,f,w,b,h,t,s,f,w,w,p,w,o,e,k,a,g,e
b,s,w,t,f,c,b,k,e,s,s,w,w,p,w,o,p,n,n,g,e
b,s,y,t,f,c,b,w,e,s,s,w,w,p,w,o,p,k,s,m,e
f,y,y,t,f,c,b,n,e,s,y,w,w,p,w,o,p,k,y,p,e
f,y,n,t,f,c,b,w,e,s,y,w,w,p,w,o,p,n,y,p,e
x,s,w,t,f,c,b,k,e,s,s,w,w,p,w,o,p,n,s,m,e
f,y,y,t,f,c,b,n,e,s,y,w,w,p,w,o,p,n,s,g,e
b,s,w,t,f,c,b,g,e,s,s,w,w,p,w,o,p,k,s,g,e
x,y,y,t,f,c,b,w,e,s,s,w,w,p,w,o,p,n,n,m,e
x,f,n,f,f,c,n,k,e,s,s,w,w,p,w,o,p,k,v,u,e
f,y,n,t,f,c,b,p,e,s,y,w,w,p,w,o,p,n,y,g,e
x,s,w,t,f,c,b,g,e,s,s,w,w,p,w,o,p,k,n,m,e
x,s,y,t,f,c,b,g,e,s,s,w,w,p,w,o,p,k,n,g,e
b,y,y,t,f,c,b,g,e,s,s,w,w,p,w,o,p,k,n,g,e
f,y,y,t,f,c,b,w,e,s,y,w,w,p,w,o,p,n,s,p,e
x,y,y,t,f,c,b,g,e,s,s,w,w,p,w,o,p,k,n,g,e
x,y,w,t,f,c,b,w,e,s,s,w,w,p,w,o,p,k,n,m,e
f,f,w,t,f,w,n,n,t,s,s,w,w,p,w,o,p,u,v,d,e
s,f,g,f,f,c,n,k,e,s,s,w,w,p,w,o,p,k,y,u,e
f,s,y,t,f,w,n,n,t,s,s,w,w,p,w,o,p,n,v,d,e
f,f,g,f,f,c,n,k,e,s,s,w,w,p,w,o,p,k,y,u,e
x,f,n,f,f,c,n,p,e,s,s,w,w,p,w,o,p,n,y,u,e
b,y,w,t,f,c,b,w,e,s,s,w,w,p,w,o,p,n,n,g,e
x,s,w,t,f,w,n,p,t,s,s,w,w,p,w,o,p,n,v,d,e
b,y,y,t,f,c,b,n,e,s,s,w,w,p,w,o,p,k,s,m,e
b,y,y,t,f,c,b,k,e,s,s,w,w,p,w,o,p,k,s,m,e
b,y,y,t,f,c,b,g,e,s,s,w,w,p,w,o,p,k,s,g,e
f,s,w,t,f,w,n,p,t,s,s,w,w,p,w,o,p,u,v,d,e
f,f,g,f,f,c,n,g,e,s,s,w,w,p,w,o,p,k,y,u,e
f,s,w,t,f,w,n,w,t,s,s,w,w,p,w,o,p,n,v,d,e
f,y,y,t,f,c,b,p,e,s,y,w,w,p,w,o,p,k,y,g,e
x,y,w,t,f,c,b,w,e,s,s,w,w,p,w,o,p,n,s,m,e
s,f,n,f,f,c,n,p,e,s,s,w,w,p,w,o,p,n,y,u,e
x,y,n,t,f,c,b,n,e,s,y,w,w,p,w,o,p,k,s,p,e
x,y,n,t,f,c,b,n,e,s,y,w,w,p,w,o,p,k,s,p,e
f,f,y,t,f,w,n,n,t,s,s,w,w,p,w,o,p,u,v,d,e
f,s,n,t,f,c,n,p,e,s,s,w,w,p,w,o,p,n,s,g,p
x,s,n,t,f,c,n,k,e,s,s,w,w,p,w,o,p,n,v,u,p
f,y,n,t,f,c,b,w,e,s,y,w,w,p,w,o,p,n,s,p,e
x,y,y,t,f,c,b,w,e,s,y,w,w,p,w,o,p,k,s,g,e
b,s,y,t,f,c,b,k,e,s,s,w,w,p,w,o,p,n,n,m,e
f,f,w,f,f,w,b,h,t,f,s,w,w,p,w,o,e,n,a,g,e
f,y,n,t,f,c,b,p,e,s,y,w,w,p,w,o,p,n,s,g,e
x,y,w,t,f,c,b,n,e,s,s,w,w,p,w,o,p,n,s,g,e
b,s,y,t,f,c,b,w,e,s,s,w,w,p,w,o,p,k,n,m,e
x,s,y,t,f,c,b,w,e,s,s,w,w,p,w,o,p,n,n,g,e
b,y,y,t,f,c,b,g,e,s,s,w,w,p,w,o,p,k,n,g,e
x,s,w,t,f,c,b,g,e,s,s,w,w,p,w,o,p,k,n,m,e
b,s,y,t,f,c,b,w,e,s,s,w,w,p,w,o,p,k,s,m,e
b,y,y,t,f,c,b,w,e,s,s,w,w,p,w,o,p,n,s,g,e
x,s,n,t,f,c,n,n,e,s,s,w,w,p,w,o,p,n,v,g,p
x,s,g,f,f,w,b,p,t,s,s,w,w,p,w,o,e,n,s,g,e
f,s,n,f,f,w,b,p,t,f,s,w,w,p,w,o,e,n,a,g,e
x,f,w,t,f,w,n,n,t,s,s,w,w,p,w,o,p,n,v,d,e
f,f,g,f,f,c,n,p,e,s,s,w,w,p,w,o,p,n,v,u,e
f,f,n,f,f,c,n,k,e,s,s,w,w,p,w,o,p,n,y,u,e
b,y,y,t,f,c,b,k,e,s,s,w,w,p,w,o,p,k,s,g,e
x,f,w,t,f,w,n,n,t,s,s,w,w,p,w,o,p,u,v,d,e
s,f,g,f,f,c,n,n,e,s,s,w,w,p,w,o,p,n,v,u,e
x,f,n,f,f,c,n,k,e,s,s,w,w,p,w,o,p,n,v,u,e
x,f,w,f,f,w,b,h,t,f,s,w,w,p,w,o,e,n,a,g,e
x,y,n,t,f,c,b,n,e,s,y,w,w,p,w,o,p,k,y,p,e
b,s,y,t,f,c,b,k,e,s,s,w,w,p,w,o,p,k,n,g,e
x,y,w,t,f,c,b,k,e,s,s,w,w,p,w,o,p,k,s,g,e
x,y,y,t,f,c,b,k,e,s,s,w,w,p,w,o,p,n,n,g,e
x,s,w,t,f,c,b,w,e,s,s,w,w,p,w,o,p,k,n,m,e
b,s,w,t,f,c,b,n,e,s,s,w,w,p,w,o,p,k,s,g,e
f,y,y,t,f,c,b,p,e,s,y,w,w,p,w,o,p,n,y,p,e
x,s,n,t,f,c,n,n,e,s,s,w,w,p,w,o,p,n,s,u,p
f,f,g,f,f,c,n,n,e,s,s,w,w,p,w,o,p,k,y,u,e
b,s,y,t,f,c,b,w,e,s,s,w,w,p,w,o,p,n,s,g,e
f,y,n,t,f,c,b,w,e,s,y,w,w,p,w,o,p,n,s,p,e
x,s,y,t,f,c,b,k,e,s,s,w,w,p,w,o,p,n,s,m,e
x,f,n,f,f,c,n,k,e,s,s,w,w,p,w,o,p,k,y,u,e
f,y,y,t,f,c,b,w,e,s,y,w,w,p,w,o,p,n,y,p,e
x,y,n,t,f,c,b,n,e,s,y,w,w,p,w,o,p,n,y,p,e
x,s,w,t,f,c,b,n,e,s,s,w,w,p,w,o,p,k,s,g,e
x,y,w,t,f,c,n,n,e,s,s,w,w,p,w,o,p,k,s,g,p
f,y,n,t,f,c,b,w,e,s,y,w,w,p,w,o,p,k,y,p,e
f,s,n,t,f,c,n,k,e,s,s,w,w,p,w,o,p,k,s,g,p
x,f,w,f,f,w,b,k,t,f,s,w,w,p,w,o,e,k,s,g,e
b,y,w,t,f,c,b,k,e,s,s,w,w,p,w,o,p,k,s,m,e
s,f,n,f,f,c,n,p,e,s,s,w,w,p,w,o,p,k,v,u,e
x,y,y,t,f,c,b,g,e,s,s,w,w,p,w,o,p,n,s,m,e
f,s,w,t,f,w,n,p,t,s,s,w,w,p,w,o,p,u,v,d,e
x,s,y,t,f,c,b,n,e,s,s,w,w,p,w,o,p,k,s,m,e
f,f,g,f,f,w,b,p,t,s,f,w,w,p,w,o,e,k,s,g,e
x,y,w,t,f,c,n,n,e,s,s,w,w,p,w,o,p,n,s,g,p
x,y,y,t,f,c,b,p,e,s,y,w,w,p,w,o,p,k,s,g,e
f,f,n,f,f,w,b,n,t,s,s,w,w,p,w,o,e,k,a,g,e
x,s,w,t,f,c,b,w,e,s,s,w,w,p,w,o,p,k,s,m,e
b,y,y,t,f,c,b,g,e,s,s,w,w,p,w,o,p,n,s,m,e
f,f,g,f,f,c,n,g,e,s,s,w,w,p,w,o,p,n,v,u,e
x,f,y,t,f,w,n,p,t,s,s,w,w,p,w,o,p,u,v,d,e
x,s,y,t,f,c,b,g,e,s,s,w,w,p,w,o,p,n,n,m,e
f,f,n,f,f,c,n,n,e,s,s,w,w,p,w,o,p,n,y,u,e
x,f,g,f,f,w,b,h,t,f,s,w,w,p,w,o,e,n,s,g,e
x,y,y,t,f,c,b,p,e,s,y,w,w,p,w,o,p,k,s,p,e
f,s,w,t,f,w,n,p,t,s,s,w,w,p,w,o,p,n,v,d,e
x,s,y,t,f,c,b,k,e,s,s,w,w,p,w,o,p,k,s,g,e
f,y,y,t,f,c,b,p,e,s,y,w,w,p,w,o,p,k,y,p,e
x,y,n,t,f,c,n,k,e,s,s,w,w,p,w,o,p,k,v,u,p
x,f,w,t,f,w,n,w,t,s,s,w,w,p,w,o,p,u,v,d,e
x,s,w,t,f,c,b,w,e,s,s,w,w,p,w,o,p,k,n,g,e
x,y,y,t,f,c,b,g,e,s,s,w,w,p,w,o,p,n,n,m,e
b,s,y,t,f,c,b,g,e,s,s,w,w,p,w,o,p,n,s,g,e
x,s,y,t,f,w,n,w,t,s,s,w,w,p,w,o,p,u,v,d,e
x,s,y,t,f,w,n,n,t,s,s,w,w,p,w,o,p,u,v,d,e
x,f,w,f,f,w,b,n,t,f,s,w,w,p,w,o,e,k,s,g,e
b,s,w,t,f,c,b,w,e,s,s,w,w,p,w,o,p,n,s,m,e
x,y,w,t,f,c,n,w,e,s,s,w,w,p,w,o,p,k,v,g,p
x,y,y,t,f,c,b,g,e,s,s,w,w,p,w,o,p,n,n,g,e
f,s,g,f,f,w,b,k,t,s,f,w,w,p,w,o,e,k,s,g,e
x,s,n,t,f,c,n,n,e,s,s,w,w,p,w,o,p,n,s,g,p
b,y,w,t,f,c,b,w,e,s,s,w,w,p,w,o,p,k,n,m,e
x,s,w,t,f,c,b,k,e,s,s,w,w,p,w,o,p,k,n,m,e
f,f,y,t,f,w,n,n,t,s,s,w,w,p,w,o,p,n,v,d,e
x,s,y,t,f,c,b,k,e,s,s,w,w,p,w,o,p,k,n,g,e
b,y,w,t,f,c,b,w,e,s,s,w,w,p,w,o,p,k,n,g,e
x,y,n,t,f,c,b,w,e,s,y,w,w,p,w,o,p,n,y,g,e
x,s,y,t,f,c,b,w,e,s,s,w,w,p,w,o,p,n,s,g,e
x,f,n,f,f,c,n,p,e,s,s,w,w,p,w,o,p,n,v,u,e
x,s,y,t,f,c,b,n,e,s,s,w,w,p,w,o,p,n,s,g,e
x,y,y,t,f,c,b,w,e,s,y,w,w,p,w,o,p,n,y,g,e
x,s,n,t,f,c,n,w,e,s,s,w,w,p,w,o,p,n,s,g,p
x,s,w,t,f,c,b,g,e,s,s,w,w,p,w,o,p,n,n,m,e
x,s,y,t,f,c,b,w,e,s,s,w,w,p,w,o,p,n,s,m,e
x,y,w,t,f,c,b,k,e,s,s,w,w,p,w,o,p,k,n,g,e
x,y,y,t,f,c,b,n,e,s,y,w,w,p,w,o,p,n,y,g,e
f,y,y,t,f,c,b,w,e,s,y,w,w,p,w,o,p,k,s,g,e
x,y,w,t,f,c,b,k,e,s,s,w,w,p,w,o,p,n,s,m,e
s,f,g,f,f,c,n,g,e,s,s,w,w,p,w,o,p,k,v,u,e
f,f,n,f,f,c,n,n,e,s,s,w,w,p,w,o,p,k,y,u,e
s,f,g,f,f,c,n,n,e,s,s,w,w,p,w,o,p,k,v,u,e
x,y,w,t,f,c,b,n,e,s,s,w,w,p,w,o,p,k,n,m,e
x,s,w,t,f,c,n,k,e,s,s,w,w,p,w,o,p,k,s,u,p
x,s,g,f,f,w,b,h,t,s,f,w,w,p,w,o,e,k,s,g,e
x,y,y,t,f,c,b,g,e,s,s,w,w,p,w,o,p,k,s,g,e
x,y,w,t,f,c,n,k,e,s,s,w,w,p,w,o,p,n,s,g,p
x,s,y,t,f,c,b,g,e,s,s,w,w,p,w,o,p,k,n,m,e
x,s,n,t,f,c,n,p,e,s,s,w,w,p,w,o,p,k,v,u,p
b,s,y,t,f,c,b,n,e,s,s,w,w,p,w,o,p,k,n,m,e
b,y,w,t,f,c,b,g,e,s,s,w,w,p,w,o,p,k,s,m,e
x,y,w,t,f,c,n,p,e,s,s,w,w,p,w,o,p,n,s,g,p
x,s,n,t,f,c,n,n,e,s,s,w,w,p,w,o,p,k,s,u,p
x,s,g,f,f,w,b,n,t,s,f,w,w,p,w,o,e,n,a,g,e
x,y,n,t,f,c,b,w,e,s,y,w,w,p,w,o,p,n,y,g,e
f,f,w,f,f,w,b,k,t,f,f,w,w,p,w,o,e,n,a,g,e
f,y,n,t,f,c,b,n,e,s,y,w,w,p,w,o,p,n,s,p,e
b,y,w,t,f,c,b,w,e,s,s,w,w,p,w,o,p,k,s,m,e
b,s,w,t,f,c,b,n,e,s,s,w,w,p,w,o,p,k,n,g,e
x,s,g,f,f,w,b,n,t,s,f,w,w,p,w,o,e,n,s,g,e
f,y,n,t,f,c,b,n,e,s,y,w,w,p,w,o,p,k,y,g,e
x,s,w,t,f,c,b,w,e,s,s,w,w,p,w,o,p,k,s,m,e
f,f,g,f,f,c,n,n,e,s,s,w,w,p,w,o,p,k,v,u,e
f,s,n,f,f,w,b,h,t,f,s,w,w,p,w,o,e,n,a,g,e
x,f,g,f,f,w,b,n,t,s,f,w,w,p,w,o,e,n,s,g,e
f,s,w,f,f,w,b,p,t,s,f,w,w,p,w,o,e,k,a,g,e
x,s,w,t,f,c,n,k,e,s,s,w,w,p,w,o,p,n,s,u,p
x,y,y,t,f,c,b,p,e,s,y,w,w,p,w,o,p,k,s,g,e
b,s,w,t,f,c,b,g,e,s,s,w,w,p,w,o,p,k,s,g,e
f,f,g,f,f,w,b,p,t,s,s,w,w,p,w,o,e,k,a,g,e
b,y,w,t,f,c,b,g,e,s,s,w,w,p,w,o,p,k,s,g,e
b,s,y,t,f,c,b,n,e,s,s,w,w,p,w,o,p,n,n,m,e
s,f,g,f,f,c,n,n,e,s,s,w,w,p,w,o,p,n,y,u,e
f,y,y,t,f,c,b,p,e,s,y,w,w,p,w,o,p,k,s,g,e
b,s,w,t,f,c,b,w,e,s,s,w,w,p,w,o,p,n,n,g,e
x,f,w,t,f,w,n,n,t,s,s,w,w,p,w,o,p,u,v,d,e
f,y,y,t,f,c,b,n,e,s,y,w,w,p,w,o,p,k,s,p,e
f,f,g,f,f,c,n,p,e,s,s,w,w,p,w,o,p,k,y,u,e
x,s,w,t,f,c,b,g,e,s,s,w,w,p,w,o,p,k,s,m,e
f,f,y,t,f,w,n,w,t,s,s,w,w,p,w,o,p,u,v,d,e
s,f,g,f,f,c,n,p,e,s,s,w,w,p,w,o,p,k,y,u,e
b,y,w,t,f,c,b,g,e,s,s,w,w,p,w,o,p,n,s,g,e
b,s,w,t,f,c,b,k,e,s,s,w,w,p,w,o,p,k,n,g,e
f,f,n,f,f,w,b,n,t,s,s,w,w,p,w,o,e,n,s,g,e
b,y,y,t,f,c,b,k,e,s,s,w,w,p,w,o,p,k,n,m,e
x,f,n,t,f,c,b,n,t,s,s,w,g,p,w,o,p,k,v,d,e
x,y,n,t,f,c,b,n,e,s,y,w,w,p,w,o,p,k,s,g,e
x,y,n,t,f,c,b,p,e,s,y,w,w,p,w,o,p,n,s,g,e
b,y,y,t,f,c,b,w,e,s,s,w,w,p,w,o,p,n,s,m,e
f,y,y,t,f,c,b,p,e,s,y,w,w,p,w,o,p,k,s,g,e
x,y,y,t,f,c,b,n,e,s,s,w,w,p,w,o,p,k,n,m,e
x,s,n,f,f,w,b,h,t,s,s,w,w,p,w,o,e,k,s,g,e
x,y,w,t,f,c,b,g,e,s,s,w,w,p,w,o,p,k,s,m,e
b,y,y,t,f,c,b,w,e,s,s,w,w,p,w,o,p,k,n,m,e
x,y,n,t,f,c,b,n,e,s,y,w,w,p,w,o,p,n,y,g,e
f,y,n,t,f,c,b,w,e,s,y,w,w,p,w,o,p,k,s,p,e
f,y,n,t,f,c,b,w,e,s,y,w,w,p,w,o,p,k,y,g,e
f,y,y,t,f,c,b,n,e,s,y,w,w,p,w,o,p,k,s,p,e
x,s,y,t,f,w,n,n,t,s,s,w,w,p,w,o,p,u,v,d,e
b,y,w,t,f,c,b,g,e,s,s,w,w,p,w,o,p,k,s,m,e
b,s,w,t,f,c,b,k,e,s,s,w,w,p,w,o,p,k,n,m,e
x,y,y,t,f,c,b,n,e,s,s,w,w,p,w,o,p,k,s,g,e
f,f,w,t,f,w,n,p,t,s,s,w,w,p,w,o,p,u,v,d,e
x,s,y,t,f,c,b,n,e,s,s,w,w,p,w,o,p,k,s,g,e
b,s,y,t,f,c,b,n,e,s,s,w,w,p,w,o,p,n,n,m,e
f,y,y,t,f,c,b,w,e,s,y,w,w,p,w,o,p,k,y,g,e
x,y,n,t,f,c,n,w,e,s,s,w,w,p,w,o,p,k,s,g,p
x,y,w,t,f,c,n,w,e,s,s,w,w,p,w,o,p,k,v,u,p
x,s,y,t,f,c,b,g,e,s,s,w,w,p,w,o,p,n,s,g,e
f,f,w,f,f,w,b,k,t,s,s,w,w,p,w,o,e,n,s,g,e
b,s,y,t,f,c,b,g,e,s,s,w,w,p,w,o,p,k,n,g,e
x,y,y,t,f,c,b,w,e,s,y,w,w,p,w,o,p,k,y,p,e
f,f,g,f,f,c,n,k,e,s,s,w,w,p,w,o,p,n,y,u,e
b,s,w,t,f,c,b,n,e,s,s,w,w,p,w,o,p,k,s,g,e
x,s,w,t,f,c,b,k,e,s,s,w,w,p,w,o,p,k,s,m,e
x,y,n,t,f,c,n,n,e,s,s,w,w,p,w,o,p,k,s,g,p
x,s,n,t,f,c,n,k,e,s,s,w,w,p,w,o,p,n,s,g,p
b,s,w,t,f,c,b,g,e,s,s,w,w,p,w,o,p,n,s,g,e
b,s,y,t,f,c,b,w,e,s,s,w,w,p,w,o,p,n,n,m,e
f,y,n,t,f,c,b,w,e,s,y,w,w,p,w,o,p,n,s,g,e
x,y,y,t,f,c,b,p,e,s,y,w,w,p,w,o,p,n,y,g,e
f,y,y,t,f,c,b,n,e,s,y,w,w,p,w,o,p,n,y,p,e
x,y,w,t,f,c,b,w,e,s,s,w,w,p,w,o,p,n,n,g,e
x,s,y,t,f,c,b,k,e,s,s,w,w,p,w,o,p,k,s,g,e
f,f,n,f,f,c,n,p,e,s,s,w,w,p,w,o,p,n,v,u,e
f,f,n,f,f,w,b,p,t,s,s,w,w,p,w,o,e,k,a,g,e
x,f,y,t,f,w,n,w,t,s,s,w,w,p,w,o,p,u,v,d,e
f,y,y,t,f,c,b,w,e,s,y,w,w,p,w,o,p,n,s,p,e
f,f,n,f,f,c,n,g,e,s,s,w,w,p,w,o,p,k,y,u,e
f,f,g,f,f,c,n,k,e,s,s,w,w,p,w,o,p,n,v,u,e
x,y,n,t,f,c,b,n,e,s,y,w,w,p,w,o,p,n,y,g,e
x,y,y,t,f,c,b,w,e,s,y,w,w,p,w,o,p,n,y,p,e
b,s,w,t,f,c,b,g,e,s,s,w,w,p,w,o,p,k,s,m,e
x,s,w,t,f,w,n,n,t,s,s,w,w,p,w,o,p,n,v,d,e
x,y,w,t,f,c,b,n,e,s,s,w,w,p,w,o,p,n,n,m,e
x,f,y,t,f,w,n,w,t,s,s,w,w,p,w,o,p,u,v,d,e
b,s,y,t,f,c,b,w,e,s,s,w,w,p,w,o,p,k,n,g,e
x,f,n,t,f,c,b,p,t,s,s,p,w,p,w,o,p,n,v,d,e
x,y,w,t,f,c,b,g,e,s,s,w,w,p,w,o,p,k,n,m,e
f,f,g,f,f,c,n,k,e,s,s,w,w,p,w,o,p,k,v,u,e
b,y,w,t,f,c,b,n,e,s,s,w,w,p,w,o,p,n,s,m,e
x,y,y,t,f,c,b,w,e,s,s,w,w,p,w,o,p,k,n,m,e
x,s,w,t,f,c,b,k,e,s,s,w,w,p,w,o,p,k,s,g,e
b,s,y,t,f,c,b,w,e,s,s,w,w,p,w,o,p,k,s,g,e
b,y,w,t,f,c,b,k,e,s,s,w,w,p,w,o,p,k,s,g,e
x,y,n,t,f,c,b,p,e,s,y,w,w,p,w,o,p,n,s,p,e
f,s,g,f,f,w,b,k,t,f,s,w,w,p,w,o,e,n,a,g,e
x,y,n,t,f,c,n,p,e,s,s,w,w,p,w,o,p,n,s,g,p
b,y,w,t,f,c,b,n,e,s,s,w,w,p,w,o,p,n,s,g,e
b,s,y,t,f,c,b,w,e,s,s,w,w,p,w,o,p,n,s,m,e
x,y,n,t,f,c,n,w,e,s,s,w,w,p,w,o,p,k,v,g,p
x,s,n,t,f,c,n,p,e,s,s,w,w,p,w,o,p,n,v,u,p
f,s,n,f,f,w,b,n,t,f,s,w,w,p,w,o,e,n,a,g,e
x,s,n,t,f,c,n,w,e,s,s,w,w,p,w,o,p,k,s,g,p
f,f,g,f,f,w,b,h,t,s,f,w,w,p,w,o,e,n,a,g,e
x,y,y,t,f,c,b,n,e,s,y,w,w,p,w,o,p,k,s,p,e
b,y,w,t,f,c,b,k,e,s,s,w,w,p,w,o,p,k,n,m,e
f,y,y,t,f,c,b,p,e,s,y,w,w,p,w,o,p,n,s,p,e
f,y,y,t,f,c,b,p,e,s,y,w,w,p,w,o,p,k,y,p,e
b,y,y,t,f,c,b,k,e,s,s,w,w,p,w,o,p,k,n,m,e
s,f,n,f,f,c,n,p,e,s,s,w,w,p,w,o,p,k,y,u,e
x,s,w,t,f,c,b,k,e,s,s,w,w,p,w,o,p,n,n,m,e
b,y,y,t,f,c,b,g,e,s,s,w,w,p,w,o,p,k,n,m,e
f,y,y,t,f,c,b,w,e,s,y,w,w,p,w,o,p,k,s,p,e
f,s,n,f,f,w,b,p,t,f,f,w,w,p,w,o,e,n,a,g,e
x,s,w,t,f,c,b,w,e,s,s,w,w,p,w,o,p,n,s,m,e
b,y,y,t,f,c,b,w,e,s,s,w,w,p,w,o,p,n,n,g,e
b,y,y,t,f,c,b,k,e,s,s,w,w,p,w,o,p,k,s,g,e
b,y,y,t,f,c,b,n,e,s,s,w,w,p,w,o,p,n,s,m,e
b,s,w,t,f,c,b,k,e,s,s,w,w,p,w,o,p,n,s,m,e
x,y,y,t,f,c,b,n,e,s,y,w,w,p,w,o,p,k,s,p,e
x,y,n,t,f,c,b,n,e,s,y,w,w,p,w,o,p,n,s,g,e
s,f,n,f,f,c,n,g,e,s,s,w,w,p,w,o,p,k,v,u,e
f,y,n,t,f,c,b,n,e,s,y,w,w,p,w,o,p,n,s,g,e
x,s,w,t,f,c,b,k,e,s,s,w,w,p,w,o,p,k,n,g,e
f,s,y,t,f,w,n,w,t,s,s,w,w,p,w,o,p,n,v,d,e
x,s,n,f,f,w,b,p,t,s,s,w,w,p,w,o,e,n,a,g,e
f,y,y,t,f,c,b,n,e,s,y,w,w,p,w,o,p,k,s,g,e
x,y,n,t,f,c,n,k,e,s,s,w,w,p,w,o,p,n,v,g,p
x,s,w,t,f,c,b,w,e,s,s,w,w,p,w,o,p,n,n,g,e
x,f,w,f,f,w,b,h,t,f,s,w,w,p,w,o,e,n,s,g,e
b,s,w,t,f,c,b,n,e,s,s,w,w,p,w,o,p,n,s,m,e
x,y,w,t,f,c,b,w,e,s,s,w,w,p,w,o,p,k,s,m,e
f,y,y,t,f,c,b,w,e,s,y,w,w,p,w,o,p,k,y,g,e
x,f,n,f,f,w,b,n,t,f,s,w,w,p,w,o,e,n,s,g,e
x,s,w,t,f,c,n,k,e,s,s,w,w,p,w,o,p,n,s,g,p
x,y,w,t,f,c,n,p,e,s,s,w,w,p,w,o,p,k,s,u,p
x,y,w,t,f,c,b,g,e,s,s,w,w,p,w,o,p,k,n,g,e
b,y,w,t,f,c,b,w,e,s,s,w,w,p,w,o,p,n,s,g,e
x,f,w,t,f,w,n,w,t,s,s,w,w,p,w,o,p,n,v,d,e
x,y,w,t,f,c,n,w,e,s,s,w,w,p,w,o,p,k,s,u,p
x,s,w,t,f,c,b,g,e,s,s,w,w,p,w,o,p,k,s,g,e
x,f,g,f,f,c,n,p,e,s,s,w,w,p,w,o,p,k,v,u,e
x,f,n,f,f,c,n,p,e,s,s,w,w,p,w,o,p,k,v,u,e
b,s,w,t,f,c,b,n,e,s,s,w,w,p,w,o,p,k,s,m,e
x,y,n,t,f,c,b,p,e,s,y,w,w,p,w,o,p,k,s,g,e
b,y,w,t,f,c,b,k,e,s,s,w,w,p,w,o,p,n,n,m,e
f,y,y,t,f,c,b,n,e,s,y,w,w,p,w,o,p,n,s,p,e
x,y,w,t,f,c,b,n,e,s,s,w,w,p,w,o,p,n,n,g,e
b,y,w,t,f,c,b,w,e,s,s,w,w,p,w,o,p,n,s,g,e
b,y,w,t,f,c,b,w,e,s,s,w,w,p,w,o,p,k,s,m,e
x,s,n,t,f,c,n,w,e,s,s,w,w,p,w,o,p,n,v,u,p
f,s,y,t,f,w,n,n,t,s,s,w,w,p,w,o,p,u,v,d,e
x,y,n,t,f,c,b,n,e,s,y,w,w,p,w,o,p,n,s,p,e
b,s,y,t,f,c,b,k,e,s,s,w,w,p,w,o,p,n,n,g,e
f,s,w,t,f,w,n,n,t,s,s,w,w,p,w,o,p,u,v,d,e
b,y,y,t,f,c,b,w,e,s,s,w,w,p,w,o,p,k,s,g,e
b,y,y,t,f,c,b,k,e,s,s,w,w,p,w,o,p,n,n,m,e
b,s,y,t,f,c,b,n,e,s,s,w,w,p,w,o,p,k,n,g,e
f,y,y,t,f,c,b,n,e,s,y,w,w,p,w,o,p,n,y,g,e
x,s,w,f,f,w,b,n,t,f,f,w,w,p,w,o,e,n,a,g,e
b,y,y,t,f,c,b,w,e,s,s,w,w,p,w,o,p,n,n,m,e
x,y,n,t,f,c,b,n,e,s,y,w,w,p,w,o,p,k,y,p,e
b,s,w,t,f,c,b,g,e,s,s,w,w,p,w,o,p,n,n,g,e
f,y,n,t,f,c,b,p,e,s,y,w,w,p,w,o,p,k,y,g,e
x,s,w,t,f,c,b,g,e,s,s,w,w,p,w,o,p,n,n,g,e
x,f,n,f,f,c,n,g,e,s,s,w,w,p,w,o,p,n,v,u,e
x,y,n,t,f,c,b,w,e,s,y,w,w,p,w,o,p,k,s,p,e
f,f,g,f,f,w,b,k,t,s,f,w,w,p,w,o,e,k,a,g,e
x,s,w,t,f,w,n,p,t,s,s,w,w,p,w,o,p,n,v,d,e
f,f,n,f,f,c,n,g,e,s,s,w,w,p,w,o,p,n,y,u,e
b,y,y,t,f,c,b,g,e,s,s,w,w,p,w,o,p,n,s,m,e
b,s,w,t,f,c,b,k,e,s,s,w,w,p,w,o,p,k,n,m,e
x,s,w,t,f,c,b,w,e,s,s,w,w,p,w,o,p,n,n,g,e
b,s,y,t,f,c,b,k,e,s,s,w,w,p,w,o,p,n,s,m,e
x,y,y,t,f,c,b,k,e,s,s,w,w,p,w,o,p,k,n,m,e
x,s,y,t,f,w,n,p,t,s,s,w,w,p,w,o,p,n,v,d,e
f,f,g,f,f,w,b,h,t,f,s,w,w,p,w,o,e,k,a,g,e
x,y,y,t,f,c,b,p,e,s,y,w,w,p,w,o,p,n,s,g,e
x,y,n,t,f,c,n,k,e,s,s,w,w,p,w,o,p,n,s,u,p
x,y,n,t,f,c,b,p,e,s,y,w,w,p,w,o,p,n,y,g,e
x,s,y,t,f,c,b,n,e,s,s,w,w,p,w,o,p,n,n,g,e
b,y,w,t,f,c,b,w,e,s,s,w,w,p,w,o,p,n,n,m,e
x,y,y,t,f,c,b,w,e,s,s,w,w,p,w,o,p,k,s,m,e
s,f,n,f,f,c,n,g,e,s,s,w,w,p,w,o,p,k,y,u,e
b,y,y,t,f,c,b,w,e,s,s,w,w,p,w,o,p,k,s,m,e
x,s,w,t,f,c,b,n,e,s,s,w,w,p,w,o,p,k,s,m,e
x,s,w,t,f,c,b,w,e,s,s,w,w,p,w,o,p,k,n,g,e
x,s,n,t,f,c,n,w,e,s,s,w,w,p,w,o,p,k,v,g,p
x,f,n,f,f,c,n,n,e,s,s,w,w,p,w,o,p,k,v,u,e
x,y,y,t,f,c,b,w,e,s,s,w,w,p,w,o,p,n,n,g,e
x,y,n,t,f,c,n,k,e,s,s,w,w,p,w,o,p,n,s,g,p
x,y,y,t,f,c,b,p,e,s,y,w,w,p,w,o,p,k,y,p,e
b,y,y,t,f,c,b,k,e,s,s,w,w,p,w,o,p,n,s,g,e
f,y,n,t,f,c,b,p,e,s,y,w,w,p,w,o,p,k,y,p,e
x,y,w,t,f,c,b,k,e,s,s,w,w,p,w,o,p,k,n,g,e
x,s,y,t,f,c,b,n,e,s,s,w,w,p,w,o,p,n,n,g,e
x,y,n,t,f,c,n,p,e,s,s,w,w,p,w,o,p,n,v,g,p
x,y,n,t,f,c,n,n,e,s,s,w,w,p,w,o,p,n,s,u,p
b,y,y,t,f,c,b,n,e,s,s,w,w,p,w,o,p,k,n,g,e
x,s,w,f,f,w,b,h,t,f,s,w,w,p,w,o,e,k,s,g,e
x,s,w,t,f,c,n,k,e,s,s,w,w,p,w,o,p,n,v,g,p
x,y,n,t,f,c,b,w,e,s,y,w,w,p,w,o,p,n,s,p,e
b,s,w,t,f,c,b,n,e,s,s,w,w,p,w,o,p,k,n,m,e
x,y,y,t,f,c,b,w,e,s,s,w,w,p,w,o,p,n,n,g,e
x,s,n,t,f,c,n,n,e,s,s,w,w,p,w,o,p,n,v,u,p
b,y,y,t,f,c,b,w,e,s,s,w,w,p,w,o,p,k,n,g,e
b,y,w,t,f,c,b,k,e,s,s,w,w,p,w,o,p,n,n,g,e
f,y,y,t,f,c,b,w,e,s,y,w,w,p,w,o,p,k,s,g,e
b,y,w,t,f,c,b,k,e,s,s,w,w,p,w,o,p,k,s,g,e
x,y,y,t,f,c,b,p,e,s,y,w,w,p,w,o,p,k,y,g,e
b,s,y,t,f,c,b,n,e,s,s,w,w,p,w,o,p,n,s,m,e
x,s,y,t,f,w,n,p,t,s,s,w,w,p,w,o,p,n,v,d,e
b,s,y,t,f,c,b,g,e,s,s,w,w,p,w,o,p,k,n,m,e
b,s,y,t,f,c,b,n,e,s,s,w,w,p,w,o,p,k,n,m,e
x,y,w,t,f,c,n,p,e,s,s,w,w,p,w,o,p,k,v,u,p
x,y,w,t,f,c,n,w,e,s,s,w,w,p,w,o,p,n,v,g,p
x,s,n,t,f,c,n,k,e,s,s,w,w,p,w,o,p,k,v,u,p
x,s,w,t,f,c,b,n,e,s,s,w,w,p,w,o,p,k,s,m,e
x,y,n,t,f,c,b,p,e,s,y,w,w,p,w,o,p,k,y,g,e
x,y,y,t,f,c,b,n,e,s,y,w,w,p,w,o,p,k,y,g,e
x,s,w,t,f,w,n,w,t,s,s,w,w,p,w,o,p,n,v,d,e
b,y,w,t,f,c,b,k,e,s,s,w,w,p,w,o,p,n,n,g,e
b,s,y,t,f,c,b,w,e,s,s,w,w,p,w,o,p,n,n,m,e
x,f,g,f,f,c,n,k,e,s,s,w,w,p,w,o,p,k,v,u,e
b,s,y,t,f,c,b,n,e,s,s,w,w,p,w,o,p,k,s,m,e
x,s,w,t,f,c,b,g,e,s,s,w,w,p,w,o,p,n,s,g,e
x,y,n,t,f,c,b,w,e,s,y,w,w,p,w,o,p,k,s,p,e
x,y,y,t,f,c,b,w,e,s,s,w,w,p,w,o,p,k,s,m,e
f,f,w,t,f,w,n,n,t,s,s,w,w,p,w,o,p,n,v,d,e
f,f,w,t,f,w,n,w,t,s,s,w,w,p,w,o,p,u,v,d,e
x,s,w,t,f,c,b,g,e,s,s,w,w,p,w,o,p,n,s,m,e
f,s,y,t,f,w,n,p,t,s,s,w,w,p,w,o,p,u,v,d,e
s,f,g,f,f,c,n,p,e,s,s,w,w,p,w,o,p,k,v,u,e
f,f,y,t,f,w,n,w,t,s,s,w,w,p,w,o,p,n,v,d,e
x,y,n,t,f,c,b,p,e,s,y,w,w,p,w,o,p,k,y,g,e
x,y,y,t,f,c,b,w,e,s,y,w,w,p,w,o,p,n,s,g,e
x,y,y,t,f,c,b,p,e,s,y,w,w,p,w,o,p,n,y,p,e
x,s,n,t,f,c,n,k,e,s,s,w,w,p,w,o,p,n,v,g,p
x,s,y,t,f,c,b,n,e,s,s,w,w,p,w,o,p,n,s,m,e
x,y,w,t,f,c,n,p,e,s,s,w,w,p,w,o,p,n,s,u,p
x,y,y,t,f,c,b,w,e,s,s,w,w,p,w,o,p,k,s,g,e
x,y,w,t,f,c,b,w,e,s,s,w,w,p,w,o,p,k,s,g,e
f,s,y,t,f,w,n,w,t,s,s,w,w,p,w,o,p,u,v,d,e
x,y,n,t,f,c,n,w,e,s,s,w,w,p,w,o,p,n,v,g,p
b,s,w,t,f,c,b,n,e,s,s,w,w,p,w,o,p,n,s,g,e
s,f,g,f,f,c,n,n,e,s,s,w,w,p,w,o,p,k,y,u,e
x,s,y,t,f,c,b,g,e,s,s,w,w,p,w,o,p,k,n,g,e
x,f,g,f,f,w,b,k,t,s,f,w,w,p,w,o,e,n,s,g,e
x,y,y,t,f,c,b,n,e,s,s,w,w,p,w,o,p,n,s,m,e
b,y,w,t,f,c,b,g,e,s,s,w,w,p,w,o,p,n,s,g,e
b,s,y,t,f,c,b,k,e,s,s,w,w,p,w,o,p,n,n,m,e
x,s,w,t,f,w,n,w,t,s,s,w,w,p,w,o,p,u,v,d,e
b,s,w,t,f,c,b,k,e,s,s,w,w,p,w,o,p,n,s,g,e
f,y,n,t,f,c,b,p,e,s,y,w,w,p,w,o,p,k,s,g,e
s,f,g,f,f,c,n,g,e,s,s,w,w,p,w,o,p,n,y,u,e
x,f,w,f,f,w,b,p,t,f,s,w,w,p,w,o,e,n,a,g,e
s,f,n,f,f,c,n,n,e,s,s,w,w,p,w,o,p,k,v,u,e
f,y,n,t,f,c,b,p,e,s,y,w,w,p,w,o,p,k,s,p,e
f,s,y,t,f,w,n,n,t,s,s,w,w,p,w,o,p,u,v,d,e
b,s,y,t,f,c,b,n,e,s,s,w,w,p,w,o,p,n,s,g,e
b,s,y,t,f,c,b,k,e,s,s,w,w,p,w,o,p,k,n,m,e
x,s,n,t,f,c,n,p,e,s,s,w,w,p,w,o,p,k,v,g,p
f,y,n,t,f,c,b,w,e,s,y,w,w,p,w,o,p,n,y,p,e
x,s,y,t,f,c,b,w,e,s,s,w,w,p,w,o,p,n,s,g,e
f,y,y,t,f,c,b,p,e,s,y,w,w,p,w,o,p,n,s,g,e
x,y,w,t,f,c,b,g,e,s,s,w,w,p,w,o,p,n,n,g,e
x,y,y,t,f,c,b,w,e,s,s,w,w,p,w,o,p,n,s,m,e
x,y,y,t,f,c,b,k,e,s,s,w,w,p,w,o,p,k,s,g,e
f,f,n,f,f,c,n,n,e,s,s,w,w,p,w,o,p,n,v,u,e
f,y,y,t,f,c,b,p,e,s,y,w,w,p,w,o,p,n,y,p,e
x,f,g,f,f,c,n,p,e,s,s,w,w,p,w,o,p,n,y,u,e
x,s,y,t,f,c,b,k,e,s,s,w,w,p,w,o,p,n,n,g,e
f,y,n,t,f,c,b,p,e,s,y,w,w,p,w,o,p,k,y,p,e
x,s,y,t,f,c,b,w,e,s,s,w,w,p,w,o,p,n,n,g,e
x,y,y,t,f,c,b,k,e,s,s,w,w,p,w,o,p,n,s,m,e
x,f,n,t,f,c,b,n,t,s,s,g,w,p,w,o,p,k,v,d,e
x,s,w,t,f,c,b,n,e,s,s,w,w,p,w,o,p,n,s,m,e
x,y,y,t,f,c,b,p,e,s,y,w,w,p,w,o,p,n,s,p,e
x,y,w,t,f,c,b,k,e,s,s,w,w,p,w,o,p,n,n,m,e
x,s,w,t,f,c,b,k,e,s,s,w,w,p,w,o,p,k,n,g,e
f,y,y,t,f,c,b,w,e,s,y,w,w,p,w,o,p,n,y,g,e
b,s,y,t,f,c,b,n,e,s,s,w,w,p,w,o,p,n,n,g,e
f,f,w,t,f,w,n,w,t,s,s,w,w,p,w,o,p,n,v,d,e
f,s,g,f,f,w,b,n,t,s,f,w,w,p,w,o,e,n,s,g,e
x,y,w,t,f,c,b,w,e,s,s,w,w,p,w,o,p,k,n,g,e
x,y,w,t,f,c,b,n,e,s,s,w,w,p,w,o,p,k,n,g,e
f,y,y,t,f,c,b,n,e,s,y,w,w,p,w,o,p,k,s,g,e
x,s,w,t,f,w,n,p,t,s,s,w,w,p,w,o,p,u,v,d,e
x,s,y,t,f,c,b,n,e,s,s,w,w,p,w,o,p,n,s,g,e
f,y,y,t,f,c,b,n,e,s,y,w,w,p,w,o,p,n,y,g,e
x,y,y,t,f,c,b,w,e,s,y,w,w,p,w,o,p,k,y,p,e
x,s,y,t,f,c,b,g,e,s,s,w,w,p,w,o,p,n,n,g,e
x,f,n,t,f,c,b,u,t,s,s,g,p,p,w,o,p,n,y,d,e
f,y,y,t,f,c,b,p,e,s,y,w,w,p,w,o,p,k,y,g,e
x,s,w,t,f,c,b,n,e,s,s,w,w,p,w,o,p,k,n,g,e
b,s,y,t,f,c,b,g,e,s,s,w,w,p,w,o,p,n,s,m,e
x,s,y,t,f,c,b,k,e,s,s,w,w,p,w,o,p,n,s,m,e
x,y,n,t,f,c,b,p,e,s,y,w,w,p,w,o,p,n,s,g,e
b,y,y,t,f,c,b,k,e,s,s,w,w,p,w,o,p,k,n,g,e
x,s,w,t,f,c,b,k,e,s,s,w,w,p,w,o,p,k,n,m,e
x,y,w,t,f,c,b,k,e,s,s,w,w,p,w,o,p,k,s,m,e
x,s,y,t,f,c,b,n,e,s,s,w,w,p,w,o,p,k,s,g,e
f,y,y,t,f,c,b,n,e,s,y,w,w,p,w,o,p,k,y,p,e
x,f,w,f,f,w,b,n,t,f,f,w,w,p,w,o,e,n,a,g,e
x,s,n,f,f,w,b,p,t,f,f,w,w,p,w,o,e,k,s,g,e
x,s,w,f,f,w,b,h,t,f,s,w,w,p,w,o,e,n,s,g,e
x,s,y,t,f,c,b,w,e,s,s,w,w,p,w,o,p,n,n,m,e
f,f,w,f,f,w,b,p,t,f,s,w,w,p,w,o,e,k,s,g,e
f,s,n,t,f,c,n,n,e,s,s,w,w,p,w,o,p,k,s,g,p
x,f,g,f,f,w,b,p,t,f,f,w,w,p,w,o,e,n,s,g,e
f,y,n,t,f,c,n,p,e,s,s,w,w,p,w,o,p,n,v,u,p
x,s,n,t,f,c,n,w,e,s,s,w,w,p,w,o,p,n,v,g,p
b,s,w,t,f,c,b,k,e,s,s,w,w,p,w,o,p,k,n,g,e
x,f,g,f,f,w,b,p,t,f,f,w,w,p,w,o,e,k,a,g,e
x,s,w,t,f,c,b,g,e,s,s,w,w,p,w,o,p,k,n,g,e
f,f,g,f,f,w,b,n,t,s,s,w,w,p,w,o,e,k,a,g,e
x,s,g,f,f,w,b,k,t,s,s,w,w,p,w,o,e,k,s,g,e
x,s,w,t,f,c,b,k,e,s,s,w,w,p,w,o,p,n,n,g,e
x,s,w,t,f,c,b,n,e,s,s,w,w,p,w,o,p,n,s,m,e
x,y,g,t,f,c,b,n,t,s,s,g,w,p,w,o,p,n,y,d,e
f,f,n,f,f,w,b,k,t,f,f,w,w,p,w,o,e,n,a,g,e
x,s,w,f,f,w,b,h,t,s,f,w,w,p,w,o,e,k,s,g,e
f,f,n,f,f,w,b,p,t,f,s,w,w,p,w,o,e,k,a,g,e
x,s,n,f,f,w,b,p,t,f,f,w,w,p,w,o,e,n,a,g,e
x,y,y,t,f,c,b,n,e,s,s,w,w,p,w,o,p,k,n,g,e
x,s,y,t,f,w,n,w,t,s,s,w,w,p,w,o,p,u,v,d,e
f,f,w,f,f,w,b,k,t,f,s,w,w,p,w,o,e,n,s,g,e
x,s,n,f,f,w,b,h,t,f,s,w,w,p,w,o,e,n,a,g,e
x,s,g,f,f,w,b,k,t,f,s,w,w,p,w,o,e,k,a,g,e
x,y,n,t,f,c,n,w,e,s,s,w,w,p,w,o,p,k,s,u,p
x,f,g,f,f,c,n,k,e,s,s,w,w,p,w,o,p,n,y,u,e
b,s,w,t,f,c,b,n,e,s,s,w,w,p,w,o,p,n,n,m,e
x,s,g,f,f,w,b,h,t,s,s,w,w,p,w,o,e,k,a,g,e
f,f,g,f,f,w,b,n,t,s,f,w,w,p,w,o,e,n,s,g,e
f,s,n,t,f,c,n,n,e,s,s,w,w,p,w,o,p,n,v,g,p
x,s,y,t,f,c,b,k,e,s,s,w,w,p,w,o,p,n,s,g,e
x,f,n,f,f,c,n,n,e,s,s,w,w,p,w,o,p,k,y,u,e
f,s,w,f,f,w,b,p,t,s,f,w,w,p,w,o,e,k,s,g,e
x,y,y,t,f,c,b,w,e,s,s,w,w,p,w,o,p,k,n,m,e
x,f,n,f,f,w,b,p,t,s,s,w,w,p,w,o,e,k,s,g,e
f,s,g,f,f,w,b,n,t,f,s,w,w,p,w,o,e,k,a,g,e
x,y,e,t,f,c,b,u,t,s,s,g,p,p,w,o,p,n,y,d,e
b,y,y,t,f,c,b,n,e,s,s,w,w,p,w,o,p,n,n,g,e
x,f,w,f,f,w,b,n,t,f,f,w,w,p,w,o,e,k,s,g,e
x,s,w,t,f,c,n,w,e,s,s,w,w,p,w,o,p,n,s,g,p
x,f,g,f,f,w,b,p,t,s,s,w,w,p,w,o,e,n,s,g,e
f,f,g,t,f,c,b,n,t,s,s,w,g,p,w,o,p,n,v,d,e
f,f,n,f,f,w,b,h,t,f,f,w,w,p,w,o,e,n,a,g,e
f,f,w,f,f,w,b,n,t,f,f,w,w,p,w,o,e,k,s,g,e
b,y,w,t,f,c,b,w,e,s,s,w,w,p,w,o,p,k,s,g,e
f,f,n,f,f,w,b,n,t,f,s,w,w,p,w,o,e,k,a,g,e
f,y,n,t,f,c,n,w,e,s,s,w,w,p,w,o,p,n,v,u,p
x,y,w,t,f,c,n,w,e,s,s,w,w,p,w,o,p,n,s,u,p
b,s,y,t,f,c,b,n,e,s,s,w,w,p,w,o,p,k,s,g,e
f,s,g,f,f,w,b,h,t,s,f,w,w,p,w,o,e,n,a,g,e
x,f,g,f,f,w,b,n,t,s,f,w,w,p,w,o,e,n,a,g,e
f,f,n,f,f,w,b,h,t,f,s,w,w,p,w,o,e,n,s,g,e
b,s,w,t,f,c,b,k,e,s,s,w,w,p,w,o,p,k,s,m,e
x,s,w,t,f,c,n,w,e,s,s,w,w,p,w,o,p,k,v,u,p
x,y,n,t,f,c,b,n,t,s,s,p,p,p,w,o,p,k,v,d,e
f,f,w,t,f,w,n,n,t,s,s,w,w,p,w,o,p,u,v,d,e
x,y,y,t,f,c,b,k,e,s,s,w,w,p,w,o,p,n,n,m,e
x,f,n,f,f,w,b,n,t,f,f,w,w,p,w,o,e,k,a,g,e
f,f,w,f,f,w,b,h,t,f,s,w,w,p,w,o,e,k,a,g,e
x,f,n,t,f,c,b,n,t,s,s,g,p,p,w,o,p,k,v,d,e
x,f,n,t,f,c,b,n,t,s,s,p,g,p,w,o,p,n,y,d,e
f,s,g,f,f,w,b,k,t,f,f,w,w,p,w,o,e,k,s,g,e
f,s,g,f,f,w,b,n,t,s,s,w,w,p,w,o,e,k,s,g,e
f,s,n,t,f,c,n,w,e,s,s,w,w,p,w,o,p,k,s,g,p
x,f,n,t,f,c,b,n,t,s,s,w,p,p,w,o,p,k,y,d,e
x,s,n,f,f,w,b,k,t,f,f,w,w,p,w,o,e,k,s,g,e
x,f,w,f,f,w,b,k,t,s,f,w,w,p,w,o,e,k,s,g,e
f,f,n,f,f,w,b,n,t,f,s,w,w,p,w,o,e,n,s,g,e
x,f,n,t,f,c,b,n,t,s,s,p,w,p,w,o,p,k,v,d,e
f,f,n,t,f,c,b,n,t,s,s,p,w,p,w,o,p,k,v,d,e
x,f,g,f,f,w,b,n,t,s,f,w,w,p,w,o,e,k,s,g,e
f,f,n,t,f,c,b,u,t,s,s,p,w,p,w,o,p,k,y,d,e
x,s,g,f,f,w,b,p,t,f,f,w,w,p,w,o,e,k,s,g,e
b,y,w,t,f,c,b,n,e,s,s,w,w,p,w,o,p,k,n,g,e
x,f,n,t,f,c,b,n,t,s,s,p,p,p,w,o,p,k,y,d,e
x,y,y,t,f,c,b,k,e,s,s,w,w,p,w,o,p,n,s,g,e
f,f,g,f,f,w,b,p,t,f,f,w,w,p,w,o,e,k,a,g,e
f,f,n,t,f,c,b,u,t,s,s,p,p,p,w,o,p,n,y,d,e
x,s,y,t,f,c,b,g,e,s,s,w,w,p,w,o,p,k,s,m,e
f,f,g,f,f,w,b,h,t,s,s,w,w,p,w,o,e,k,s,g,e
x,f,n,f,f,w,b,k,t,s,s,w,w,p,w,o,e,n,s,g,e
x,s,w,t,f,c,n,n,e,s,s,w,w,p,w,o,p,k,s,u,p
x,f,w,f,f,w,b,n,t,f,f,w,w,p,w,o,e,n,s,g,e
f,f,w,f,f,w,b,n,t,f,s,w,w,p,w,o,e,k,a,g,e
x,s,w,f,f,w,b,n,t,s,f,w,w,p,w,o,e,n,a,g,e
x,s,g,f,f,w,b,k,t,s,f,w,w,p,w,o,e,k,a,g,e
x,y,y,t,f,c,b,n,e,s,s,w,w,p,w,o,p,n,n,g,e
x,s,y,t,f,c,b,n,e,s,s,w,w,p,w,o,p,k,n,m,e
x,s,g,f,f,w,b,p,t,s,f,w,w,p,w,o,e,k,a,g,e
x,s,n,f,f,w,b,p,t,f,s,w,w,p,w,o,e,n,s,g,e
f,f,n,f,f,c,n,n,e,s,s,w,w,p,w,o,p,k,v,u,e
f,s,w,f,f,w,b,k,t,s,f,w,w,p,w,o,e,k,s,g,e
f,s,w,f,f,w,b,n,t,f,f,w,w,p,w,o,e,k,a,g,e
x,y,y,t,f,c,b,n,e,s,s,w,w,p,w,o,p,n,s,m,e
f,s,w,t,f,w,n,w,t,s,s,w,w,p,w,o,p,u,v,d,e
b,s,w,t,f,c,b,w,e,s,s,w,w,p,w,o,p,n,n,m,e
f,y,w,t,f,c,n,p,e,s,s,w,w,p,w,o,p,k,v,u,p
x,f,g,t,f,c,b,n,t,s,s,p,p,p,w,o,p,k,y,d,e
f,y,n,t,f,c,b,p,e,s,y,w,w,p,w,o,p,n,y,g,e
f,s,n,f,f,w,b,k,t,s,s,w,w,p,w,o,e,n,s,g,e
x,s,w,t,f,c,n,w,e,s,s,w,w,p,w,o,p,k,v,g,p
x,y,n,t,f,c,b,p,e,s,y,w,w,p,w,o,p,n,y,g,e
x,s,g,f,f,w,b,p,t,s,f,w,w,p,w,o,e,n,a,g,e
x,s,w,f,f,w,b,k,t,f,s,w,w,p,w,o,e,n,a,g,e
f,f,w,f,f,w,b,p,t,f,s,w,w,p,w,o,e,n,s,g,e
x,f,n,f,f,w,b,k,t,s,s,w,w,p,w,o,e,n,a,g,e
x,s,w,t,f,c,b,k,e,s,s,w,w,p,w,o,p,n,s,g,e
x,y,w,t,f,c,b,g,e,s,s,w,w,p,w,o,p,n,s,m,e
x,s,w,f,f,w,b,k,t,s,s,w,w,p,w,o,e,k,s,g,e
f,y,y,t,f,c,b,p,e,s,y,w,w,p,w,o,p,n,s,p,e
f,s,n,f,f,w,b,n,t,s,f,w,w,p,w,o,e,k,s,g,e
f,f,g,f,f,w,b,h,t,f,f,w,w,p,w,o,e,k,s,g,e
f,f,y,t,f,w,n,p,t,s,s,w,w,p,w,o,p,u,v,d,e
f,y,n,t,f,c,b,n,e,s,y,w,w,p,w,o,p,n,s,g,e
x,f,n,t,f,c,b,p,t,s,s,p,w,p,w,o,p,n,y,d,e
f,s,n,t,f,c,n,w,e,s,s,w,w,p,w,o,p,n,s,g,p
x,f,n,t,f,c,b,n,t,s,s,w,p,p,w,o,p,k,v,d,e
f,f,n,f,f,w,b,n,t,f,f,w,w,p,w,o,e,n,a,g,e
b,s,y,t,f,c,b,w,e,s,s,w,w,p,w,o,p,k,n,m,e
b,y,w,t,f,c,b,k,e,s,s,w,w,p,w,o,p,k,n,g,e
x,y,w,t,f,c,b,w,e,s,s,w,w,p,w,o,p,n,s,m,e
f,y,w,t,f,c,n,n,e,s,s,w,w,p,w,o,p,k,v,u,p
f,y,w,t,f,c,n,p,e,s,s,w,w,p,w,o,p,n,s,g,p
x,f,n,f,f,c,n,n,e,s,s,w,w,p,w,o,p,n,v,u,e
f,s,y,t,f,w,n,w,t,s,s,w,w,p,w,o,p,u,v,d,e
x,y,y,t,f,c,b,k,e,s,s,w,w,p,w,o,p,k,n,m,e
x,s,w,f,f,w,b,k,t,s,s,w,w,p,w,o,e,k,a,g,e
x,f,g,t,f,c,b,u,t,s,s,g,g,p,w,o,p,n,y,d,e
x,y,n,t,f,c,n,n,e,s,s,w,w,p,w,o,p,k,v,g,p
x,f,g,f,f,w,b,p,t,s,f,w,w,p,w,o,e,n,s,g,e
f,f,n,f,f,w,b,p,t,s,f,w,w,p,w,o,e,n,s,g,e
x,s,w,f,f,w,b,p,t,s,s,w,w,p,w,o,e,n,s,g,e
f,f,w,f,f,w,b,p,t,f,f,w,w,p,w,o,e,k,a,g,e
x,y,y,t,f,c,b,k,e,s,s,w,w,p,w,o,p,k,s,m,e
f,f,y,t,f,w,n,n,t,s,s,w,w,p,w,o,p,n,v,d,e
x,f,g,f,f,c,n,k,e,s,s,w,w,p,w,o,p,k,y,u,e
x,s,n,t,f,c,n,p,e,s,s,w,w,p,w,o,p,k,s,u,p
x,y,y,t,f,c,b,w,e,s,y,w,w,p,w,o,p,n,y,p,e
f,y,n,t,f,c,b,n,e,s,y,w,w,p,w,o,p,k,s,p,e
x,f,w,f,f,w,b,h,t,s,s,w,w,p,w,o,e,k,a,g,e
x,y,n,t,f,c,b,u,t,s,s,g,g,p,w,o,p,n,v,d,e
x,s,g,f,f,w,b,h,t,f,f,w,w,p,w,o,e,n,a,g,e
x,s,w,t,f,c,b,w,e,s,s,w,w,p,w,o,p,n,s,g,e
x,f,g,f,f,w,b,h,t,s,f,w,w,p,w,o,e,n,s,g,e
f,y,n,t,f,c,n,n,e,s,s,w,w,p,w,o,p,n,s,u,p
x,f,n,t,f,c,b,p,t,s,s,g,w,p,w,o,p,k,v,d,e
x,f,g,f,f,w,b,k,t,f,f,w,w,p,w,o,e,k,a,g,e
x,f,e,t,f,c,b,w,t,s,s,w,w,p,w,o,p,k,v,d,e
x,f,n,t,f,c,b,u,t,s,s,g,g,p,w,o,p,k,y,d,e
x,f,g,f,f,w,b,p,t,s,f,w,w,p,w,o,e,n,a,g,e
x,y,y,t,f,c,b,w,e,s,y,w,w,p,w,o,p,n,s,p,e
x,f,n,f,f,w,b,k,t,f,s,w,w,p,w,o,e,k,s,g,e
b,s,y,t,f,c,b,k,e,s,s,w,w,p,w,o,p,k,s,g,e
x,f,w,t,f,w,n,p,t,s,s,w,w,p,w,o,p,n,v,d,e
f,s,g,f,f,w,b,k,t,s,f,w,w,p,w,o,e,n,s,g,e
x,y,y,t,f,c,b,w,e,s,s,w,w,p,w,o,p,k,n,g,e
x,f,n,f,f,w,b,h,t,s,s,w,w,p,w,o,e,n,s,g,e
f,s,w,f,f,w,b,h,t,s,f,w,w,p,w,o,e,n,a,g,e
x,s,y,t,f,w,n,n,t,s,s,w,w,p,w,o,p,n,v,d,e
x,s,g,f,f,w,b,k,t,f,s,w,w,p,w,o,e,n,s,g,e
x,f,g,f,f,w,b,n,t,f,f,w,w,p,w,o,e,n,s,g,e
f,y,w,t,f,c,n,k,e,s,s,w,w,p,w,o,p,k,s,u,p
f,f,y,t,f,w,n,p,t,s,s,w,w,p,w,o,p,u,v,d,e
x,y,w,t,f,c,b,k,e,s,s,w,w,p,w,o,p,k,s,g,e
f,f,w,f,f,w,b,p,t,f,s,w,w,p,w,o,e,n,a,g,e
x,f,n,t,f,c,b,u,t,s,s,g,g,p,w,o,p,k,v,d,e
x,y,n,t,f,c,b,n,e,s,y,w,w,p,w,o,p,n,s,g,e
x,s,w,f,f,w,b,h,t,s,f,w,w,p,w,o,e,n,a,g,e
f,y,w,t,f,c,n,k,e,s,s,w,w,p,w,o,p,n,v,g,p
x,s,y,t,f,c,b,k,e,s,s,w,w,p,w,o,p,n,s,g,e
x,f,g,t,f,c,b,p,t,s,s,p,w,p,w,o,p,k,y,d,e
f,y,y,t,f,c,b,p,e,s,y,w,w,p,w,o,p,k,s,p,e
f,s,g,f,f,w,b,k,t,f,s,w,w,p,w,o,e,k,a,g,e
f,f,n,f,f,c,n,p,e,s,s,w,w,p,w,o,p,n,y,u,e
f,y,w,t,f,c,n,n,e,s,s,w,w,p,w,o,p,n,v,g,p
f,f,g,f,f,w,b,k,t,f,s,w,w,p,w,o,e,n,s,g,e
x,y,n,t,f,c,b,p,e,s,y,w,w,p,w,o,p,k,s,p,e
f,f,w,f,f,w,b,h,t,s,s,w,w,p,w,o,e,k,a,g,e
f,y,n,t,f,c,n,k,e,s,s,w,w,p,w,o,p,n,v,u,p
b,s,y,t,f,c,b,k,e,s,s,w,w,p,w,o,p,k,n,m,e
f,f,g,f,f,w,b,n,t,f,f,w,w,p,w,o,e,k,s,g,e
b,s,w,t,f,c,b,w,e,s,s,w,w,p,w,o,p,k,n,g,e
f,f,g,f,f,w,b,p,t,s,f,w,w,p,w,o,e,n,s,g,e
b,y,w,t,f,c,b,n,e,s,s,w,w,p,w,o,p,n,n,m,e
x,y,w,t,f,c,b,w,e,s,s,w,w,p,w,o,p,k,n,m,e
f,y,n,t,f,c,n,n,e,s,s,w,w,p,w,o,p,k,v,g,p
x,y,y,t,f,c,b,w,e,s,s,w,w,p,w,o,p,k,s,g,e
s,f,n,f,f,c,n,n,e,s,s,w,w,p,w,o,p,k,y,u,e
x,y,n,t,f,c,b,n,e,s,y,w,w,p,w,o,p,k,y,g,e
f,f,g,f,f,w,b,n,t,s,f,w,w,p,w,o,e,n,a,g,e
f,f,y,t,f,w,n,n,t,s,s,w,w,p,w,o,p,u,v,d,e
x,s,g,f,f,w,b,p,t,f,f,w,w,p,w,o,e,n,a,g,e
f,y,n,t,f,c,n,n,e,s,s,w,w,p,w,o,p,k,v,u,p
x,f,g,f,f,w,b,p,t,s,s,w,w,p,w,o,e,k,a,g,e
x,s,g,f,f,w,b,h,t,f,s,w,w,p,w,o,e,k,a,g,e
x,f,g,f,f,w,b,h,t,f,s,w,w,p,w,o,e,k,s,g,e
x,y,n,t,f,c,n,n,e,s,s,w,w,p,w,o,p,n,s,g,p
x,f,n,f,f,w,b,k,t,f,f,w,w,p,w,o,e,n,a,g,e
f,s,w,f,f,w,b,k,t,f,s,w,w,p,w,o,e,n,s,g,e
x,f,g,f,f,w,b,h,t,s,s,w,w,p,w,o,e,n,s,g,e
x,y,n,t,f,c,n,w,e,s,s,w,w,p,w,o,p,n,s,g,p
f,f,n,f,f,w,b,n,t,s,f,w,w,p,w,o,e,n,a,g,e
f,s,w,f,f,w,b,n,t,f,s,w,w,p,w,o,e,k,a,g,e
x,y,w,t,f,c,n,n,e,s,s,w,w,p,w,o,p,k,v,u,p
f,f,g,f,f,w,b,k,t,s,f,w,w,p,w,o,e,n,a,g,e
b,y,y,t,f,c,b,k,e,s,s,w,w,p,w,o,p,n,n,g,e
x,s,n,f,f,w,b,h,t,f,f,w,w,p,w,o,e,n,a,g,e
f,f,n,f,f,w,b,k,t,f,s,w,w,p,w,o,e,k,a,g,e
f,s,w,t,f,c,n,n,e,s,s,w,w,p,w,o,p,k,s,g,p
x,y,n,t,f,c,b,w,e,s,y,w,w,p,w,o,p,n,s,g,e
f,f,w,f,f,w,b,k,t,f,s,w,w,p,w,o,e,k,a,g,e
f,y,n,t,f,c,b,p,e,s,y,w,w,p,w,o,p,k,s,g,e
f,f,g,f,f,w,b,p,t,s,s,w,w,p,w,o,e,k,s,g,e
f,f,g,f,f,w,b,n,t,f,f,w,w,p,w,o,e,n,s,g,e
f,s,g,f,f,w,b,h,t,f,f,w,w,p,w,o,e,n,s,g,e
f,f,n,f,f,w,b,k,t,f,s,w,w,p,w,o,e,k,s,g,e
x,s,g,f,f,w,b,h,t,s,s,w,w,p,w,o,e,n,s,g,e
x,f,w,f,f,w,b,p,t,f,s,w,w,p,w,o,e,k,s,g,e
f,f,w,f,f,w,b,k,t,s,f,w,w,p,w,o,e,k,a,g,e
x,s,n,f,f,w,b,p,t,f,f,w,w,p,w,o,e,n,s,g,e
x,f,n,t,f,c,b,p,t,s,s,p,p,p,w,o,p,k,v,d,e
f,s,y,t,f,w,n,p,t,s,s,w,w,p,w,o,p,u,v,d,e
x,f,w,f,f,w,b,p,t,s,s,w,w,p,w,o,e,k,s,g,e
f,s,w,f,f,w,b,p,t,s,s,w,w,p,w,o,e,k,a,g,e
b,s,y,t,f,c,b,k,e,s,s,w,w,p,w,o,p,n,n,g,e
x,f,w,f,f,w,b,h,t,s,f,w,w,p,w,o,e,n,a,g,e
x,f,g,f,f,w,b,k,t,s,f,w,w,p,w,o,e,k,a,g,e
f,s,n,t,f,c,n,p,e,s,s,w,w,p,w,o,p,n,v,u,p
x,f,g,f,f,w,b,n,t,f,s,w,w,p,w,o,e,k,a,g,e
x,s,n,t,f,c,n,p,e,s,s,w,w,p,w,o,p,k,s,g,p
f,s,w,f,f,w,b,k,t,f,f,w,w,p,w,o,e,n,s,g,e
x,y,w,t,f,c,b,g,e,s,s,w,w,p,w,o,p,k,n,g,e
x,f,n,f,f,w,b,h,t,s,s,w,w,p,w,o,e,k,s,g,e
x,f,n,t,f,c,b,n,t,s,s,w,p,p,w,o,p,n,y,d,e
b,y,y,t,f,c,b,w,e,s,s,w,w,p,w,o,p,n,s,g,e
f,f,w,f,f,w,b,h,t,s,s,w,w,p,w,o,e,n,a,g,e
x,s,n,f,f,w,b,n,t,f,s,w,w,p,w,o,e,n,a,g,e
f,f,w,f,f,w,b,n,t,s,s,w,w,p,w,o,e,n,a,g,e
x,f,n,t,f,c,b,p,t,s,s,w,p,p,w,o,p,n,v,d,e
f,f,w,f,f,w,b,h,t,s,f,w,w,p,w,o,e,n,s,g,e
x,s,w,f,f,w,b,k,t,s,f,w,w,p,w,o,e,k,a,g,e
x,s,n,f,f,w,b,n,t,f,f,w,w,p,w,o,e,n,a,g,e
x,f,w,f,f,w,b,n,t,f,s,w,w,p,w,o,e,n,s,g,e
f,s,g,f,f,w,b,k,t,f,s,w,w,p,w,o,e,k,s,g,e
x,f,g,f,f,w,b,n,t,s,s,w,w,p,w,o,e,n,a,g,e
x,f,g,f,f,w,b,h,t,f,f,w,w,p,w,o,e,k,a,g,e
f,s,n,f,f,w,b,h,t,f,s,w,w,p,w,o,e,k,a,g,e
f,s,w,f,f,w,b,p,t,f,f,w,w,p,w,o,e,k,a,g,e
f,y,n,t,f,c,b,n,e,s,y,w,w,p,w,o,p,k,y,p,e
x,y,w,t,f,c,n,k,e,s,s,w,w,p,w,o,p,n,v,g,p
f,s,g,f,f,w,b,h,t,f,s,w,w,p,w,o,e,k,a,g,e
x,y,w,t,f,c,n,n,e,s,s,w,w,p,w,o,p,k,v,g,p
b,y,w,t,f,c,b,k,e,s,s,w,w,p,w,o,p,n,s,m,e
x,s,g,f,f,w,b,n,t,s,s,w,w,p,w,o,e,k,s,g,e
f,f,g,f,f,w,b,h,t,s,f,w,w,p,w,o,e,k,a,g,e
f,f,w,f,f,w,b,n,t,s,f,w,w,p,w,o,e,n,s,g,e
f,s,g,f,f,w,b,h,t,f,f,w,w,p,w,o,e,k,s,g,e
b,y,w,t,f,c,b,g,e,s,s,w,w,p,w,o,p,n,n,g,e
x,f,g,f,f,w,b,n,t,f,s,w,w,p,w,o,e,k,s,g,e
x,f,e,t,f,c,b,p,t,s,s,w,w,p,w,o,p,n,v,d,e
x,y,y,t,f,c,b,p,e,s,y,w,w,p,w,o,p,k,s,p,e
x,s,w,f,f,w,b,k,t,f,f,w,w,p,w,o,e,k,s,g,e
b,s,w,t,f,c,b,w,e,s,s,w,w,p,w,o,p,n,n,m,e
x,s,n,t,f,c,n,k,e,s,s,w,w,p,w,o,p,k,v,g,p
x,f,n,t,f,c,b,p,t,s,s,p,p,p,w,o,p,k,y,d,e
f,s,n,f,f,w,b,n,t,s,s,w,w,p,w,o,e,k,s,g,e
b,s,w,t,f,c,b,g,e,s,s,w,w,p,w,o,p,n,n,m,e
x,s,g,f,f,w,b,n,t,f,s,w,w,p,w,o,e,k,s,g,e
x,f,n,t,f,c,b,u,t,s,s,p,g,p,w,o,p,k,v,d,e
f,f,w,f,f,w,b,p,t,f,f,w,w,p,w,o,e,n,a,g,e
x,f,n,f,f,c,n,g,e,s,s,w,w,p,w,o,p,k,v,u,e
x,f,g,f,f,c,n,g,e,s,s,w,w,p,w,o,p,k,v,u,e
x,f,g,f,f,c,n,p,e,s,s,w,w,p,w,o,p,k,y,u,e
b,y,y,t,f,c,b,g,e,s,s,w,w,p,w,o,p,k,s,m,e
f,f,n,f,f,c,n,g,e,s,s,w,w,p,w,o,p,n,v,u,e
x,f,w,f,f,w,b,k,t,s,f,w,w,p,w,o,e,n,a,g,e
f,y,n,t,f,c,b,w,e,s,y,w,w,p,w,o,p,k,s,p,e
x,y,n,t,f,c,b,p,e,s,y,w,w,p,w,o,p,k,y,p,e
x,y,y,t,f,c,b,p,e,s,y,w,w,p,w,o,p,k,y,g,e
f,f,g,f,f,w,b,h,t,f,s,w,w,p,w,o,e,n,a,g,e
x,y,w,t,f,c,b,n,e,s,s,w,w,p,w,o,p,k,n,g,e
x,y,w,t,f,c,b,n,e,s,s,w,w,p,w,o,p,k,s,g,e
f,s,w,f,f,w,b,n,t,f,f,w,w,p,w,o,e,n,a,g,e
f,s,g,f,f,w,b,h,t,s,s,w,w,p,w,o,e,k,a,g,e
f,s,n,t,f,c,n,p,e,s,s,w,w,p,w,o,p,k,v,u,p
x,y,y,t,f,c,b,n,e,s,s,w,w,p,w,o,p,n,s,g,e
x,f,n,f,f,w,b,p,t,s,s,w,w,p,w,o,e,n,s,g,e
x,f,w,f,f,w,b,p,t,f,f,w,w,p,w,o,e,k,s,g,e
x,s,y,t,f,c,b,w,e,s,s,w,w,p,w,o,p,n,s,m,e
x,f,e,t,f,c,b,p,t,s,s,g,p,p,w,o,p,n,v,d,e
f,y,n,t,f,c,b,p,e,s,y,w,w,p,w,o,p,n,s,p,e
b,s,w,t,f,c,b,g,e,s,s,w,w,p,w,o,p,k,n,g,e
x,s,n,t,f,c,n,k,e,s,s,w,w,p,w,o,p,k,s,g,p
x,f,g,f,f,w,b,k,t,f,s,w,w,p,w,o,e,k,s,g,e
b,y,w,t,f,c,b,n,e,s,s,w,w,p,w,o,p,n,n,m,e
x,s,w,t,f,c,b,k,e,s,s,w,w,p,w,o,p,n,n,g,e
b,y,y,t,f,c,b,k,e,s,s,w,w,p,w,o,p,k,s,m,e
x,y,w,t,f,c,b,w,e,s,s,w,w,p,w,o,p,n,n,g,e
x,s,y,t,f,c,b,g,e,s,s,w,w,p,w,o,p,n,n,g,e
b,s,w,t,f,c,b,w,e,s,s,w,w,p,w,o,p,k,n,g,e
f,s,n,f,f,w,b,k,t,s,s,w,w,p,w,o,e,k,s,g,e
f,s,w,t,f,c,n,n,e,s,s,w,w,p,w,o,p,n,s,g,p
f,s,n,f,f,w,b,h,t,s,s,w,w,p,w,o,e,n,a,g,e
f,f,n,f,f,w,b,h,t,s,s,w,w,p,w,o,e,k,a,g,e
f,y,w,t,f,c,n,p,e,s,s,w,w,p,w,o,p,k,s,u,p
f,s,w,f,f,w,b,h,t,f,s,w,w,p,w,o,e,k,a,g,e
x,f,w,f,f,w,b,p,t,s,s,w,w,p,w,o,e,n,s,g,e
x,s,n,f,f,w,b,p,t,s,f,w,w,p,w,o,e,k,a,g,e
f,s,n,f,f,w,b,p,t,s,s,w,w,p,w,o,e,k,a,g,e
f,y,y,t,f,c,b,n,e,s,y,w,w,p,w,o,p,k,y,g,e
x,f,g,f,f,w,b,n,t,f,f,w,w,p,w,o,e,k,a,g,e
x,f,n,f,f,w,b,n,t,s,s,w,w,p,w,o,e,k,a,g,e
f,s,n,t,f,c,n,k,e,s,s,w,w,p,w,o,p,n,v,g,p
x,s,w,f,f,w,b,p,t,f,f,w,w,p,w,o,e,n,a,g,e
f,f,n,f,f,w,b,p,t,f,s,w,w,p,w,o,e,k,s,g,e
f,f,w,f,f,w,b,h,t,f,f,w,w,p,w,o,e,n,a,g,e
f,f,w,f,f,w,b,k,t,f,f,w,w,p,w,o,e,n,s,g,e
x,y,y,t,f,c,b,n,e,s,y,w,w,p,w,o,p,k,s,g,e
x,s,g,f,f,w,b,k,t,f,f,w,w,p,w,o,e,n,s,g,e
x,f,g,f,f,w,b,k,t,f,f,w,w,p,w,o,e,n,a,g,e
f,f,n,f,f,w,b,h,t,f,f,w,w,p,w,o,e,k,s,g,e
f,s,n,f,f,w,b,p,t,f,s,w,w,p,w,o,e,k,a,g,e
x,f,w,f,f,w,b,k,t,s,s,w,w,p,w,o,e,k,s,g,e
x,y,e,t,f,c,b,w,t,s,s,g,p,p,w,o,p,n,v,d,e
x,f,n,f,f,w,b,p,t,s,s,w,w,p,w,o,e,k,a,g,e
x,s,w,t,f,c,n,p,e,s,s,w,w,p,w,o,p,n,v,g,p
x,y,n,t,f,c,b,w,t,s,s,p,g,p,w,o,p,k,y,d,e
x,f,n,f,f,w,b,n,t,s,f,w,w,p,w,o,e,n,s,g,e
f,y,w,t,f,c,n,w,e,s,s,w,w,p,w,o,p,n,s,g,p
f,f,g,f,f,w,b,k,t,f,s,w,w,p,w,o,e,k,a,g,e
x,f,w,f,f,w,b,p,t,f,f,w,w,p,w,o,e,n,a,g,e
f,s,n,f,f,w,b,h,t,s,f,w,w,p,w,o,e,k,a,g,e
f,f,g,f,f,w,b,p,t,s,f,w,w,p,w,o,e,k,a,g,e
f,s,g,f,f,w,b,p,t,f,s,w,w,p,w,o,e,k,a,g,e
f,f,g,f,f,w,b,h,t,s,f,w,w,p,w,o,e,n,s,g,e
x,s,g,f,f,w,b,h,t,s,f,w,w,p,w,o,e,n,s,g,e
x,s,n,f,f,w,b,h,t,s,f,w,w,p,w,o,e,k,s,g,e
f,s,w,t,f,c,n,p,e,s,s,w,w,p,w,o,p,k,v,u,p
x,s,g,f,f,w,b,k,t,f,f,w,w,p,w,o,e,n,a,g,e
x,s,w,t,f,c,n,p,e,s,s,w,w,p,w,o,p,k,s,g,p
f,s,w,t,f,c,n,w,e,s,s,w,w,p,w,o,p,n,s,u,p
f,s,n,f,f,w,b,k,t,s,f,w,w,p,w,o,e,n,s,g,e
x,f,g,f,f,w,b,k,t,s,s,w,w,p,w,o,e,k,a,g,e
f,s,g,f,f,w,b,h,t,s,s,w,w,p,w,o,e,n,a,g,e
x,s,g,f,f,w,b,k,t,s,s,w,w,p,w,o,e,k,a,g,e
f,f,g,f,f,w,b,n,t,f,s,w,w,p,w,o,e,k,a,g,e
f,f,g,f,f,w,b,k,t,f,s,w,w,p,w,o,e,n,a,g,e
x,y,g,t,f,c,b,n,t,s,s,g,p,p,w,o,p,n,y,d,e
x,f,n,t,f,c,b,n,t,s,s,w,w,p,w,o,p,n,v,d,e
f,s,w,f,f,w,b,k,t,s,f,w,w,p,w,o,e,n,a,g,e
f,y,w,t,f,c,n,p,e,s,s,w,w,p,w,o,p,n,v,g,p
f,y,n,t,f,c,n,k,e,s,s,w,w,p,w,o,p,n,s,g,p
x,s,w,f,f,w,b,p,t,f,s,w,w,p,w,o,e,n,a,g,e
f,s,n,t,f,c,n,k,e,s,s,w,w,p,w,o,p,n,s,g,p
f,f,n,f,f,w,b,h,t,s,f,w,w,p,w,o,e,k,s,g,e
f,s,w,f,f,w,b,h,t,f,s,w,w,p,w,o,e,n,a,g,e
f,s,n,t,f,c,n,w,e,s,s,w,w,p,w,o,p,k,v,g,p
f,y,w,t,f,c,n,p,e,s,s,w,w,p,w,o,p,k,v,g,p
f,y,n,t,f,c,n,w,e,s,s,w,w,p,w,o,p,k,v,g,p
f,s,w,t,f,c,n,k,e,s,s,w,w,p,w,o,p,k,s,g,p
x,s,w,f,f,w,b,k,t,f,f,w,w,p,w,o,e,k,a,g,e
x,f,n,t,f,c,b,p,t,s,s,g,p,p,w,o,p,n,v,d,e
f,s,w,f,f,w,b,k,t,f,f,w,w,p,w,o,e,n,a,g,e
f,f,g,f,f,w,b,p,t,f,s,w,w,p,w,o,e,k,a,g,e
f,y,n,t,f,c,n,k,e,s,s,w,w,p,w,o,p,k,v,u,p
x,s,w,f,f,w,b,k,t,f,f,w,w,p,w,o,e,n,s,g,e
x,y,e,t,f,c,b,n,t,s,s,p,w,p,w,o,p,n,y,d,e
f,s,g,f,f,w,b,n,t,f,s,w,w,p,w,o,e,k,s,g,e
x,s,w,f,f,w,b,n,t,f,f,w,w,p,w,o,e,n,s,g,e
f,s,w,t,f,c,n,p,e,s,s,w,w,p,w,o,p,n,s,g,p
f,f,n,f,f,w,b,k,t,f,s,w,w,p,w,o,e,n,a,g,e
x,f,w,f,f,w,b,h,t,s,s,w,w,p,w,o,e,k,s,g,e
f,s,w,t,f,c,n,k,e,s,s,w,w,p,w,o,p,k,s,u,p
x,f,n,f,f,w,b,p,t,s,f,w,w,p,w,o,e,n,a,g,e
f,f,w,f,f,w,b,n,t,s,s,w,w,p,w,o,e,n,s,g,e
x,s,w,f,f,w,b,h,t,s,s,w,w,p,w,o,e,k,s,g,e
f,s,w,f,f,w,b,h,t,f,s,w,w,p,w,o,e,n,s,g,e
b,y,y,t,f,c,b,w,e,s,s,w,w,p,w,o,p,k,n,m,e
x,s,g,f,f,w,b,n,t,s,s,w,w,p,w,o,e,n,a,g,e
x,f,w,f,f,w,b,n,t,s,f,w,w,p,w,o,e,k,s,g,e
x,s,n,f,f,w,b,n,t,f,s,w,w,p,w,o,e,n,s,g,e
x,f,n,f,f,w,b,n,t,f,s,w,w,p,w,o,e,k,a,g,e
f,f,g,f,f,w,b,h,t,f,f,w,w,p,w,o,e,k,a,g,e
x,y,n,t,f,c,n,n,e,s,s,w,w,p,w,o,p,k,s,u,p
f,s,g,f,f,w,b,h,t,f,s,w,w,p,w,o,e,k,s,g,e
x,f,n,t,f,c,b,p,t,s,s,w,g,p,w,o,p,k,y,d,e
f,s,w,f,f,w,b,n,t,s,f,w,w,p,w,o,e,k,a,g,e
x,f,n,t,f,c,b,n,t,s,s,g,g,p,w,o,p,k,v,d,e
x,f,g,f,f,w,b,p,t,f,s,w,w,p,w,o,e,n,a,g,e
x,f,w,f,f,w,b,n,t,s,f,w,w,p,w,o,e,k,a,g,e
f,s,w,t,f,c,n,k,e,s,s,w,w,p,w,o,p,n,v,g,p
f,s,w,t,f,c,n,p,e,s,s,w,w,p,w,o,p,k,v,g,p
x,s,g,f,f,w,b,k,t,f,s,w,w,p,w,o,e,n,a,g,e
x,f,n,t,f,c,b,u,t,s,s,g,p,p,w,o,p,n,v,d,e
x,s,g,f,f,w,b,k,t,s,f,w,w,p,w,o,e,k,s,g,e
x,y,y,t,f,c,b,w,e,s,y,w,w,p,w,o,p,k,s,p,e
f,s,w,f,f,w,b,n,t,s,s,w,w,p,w,o,e,n,a,g,e
x,s,w,f,f,w,b,p,t,s,s,w,w,p,w,o,e,n,a,g,e
x,f,g,f,f,w,b,k,t,f,s,w,w,p,w,o,e,k,a,g,e
f,s,w,f,f,w,b,h,t,s,f,w,w,p,w,o,e,n,s,g,e
x,f,n,t,f,c,b,n,t,s,s,w,w,p,w,o,p,n,y,d,e
f,s,g,f,f,w,b,k,t,s,f,w,w,p,w,o,e,n,a,g,e
f,s,g,f,f,w,b,h,t,s,s,w,w,p,w,o,e,n,s,g,e
f,f,n,f,f,w,b,p,t,f,s,w,w,p,w,o,e,n,s,g,e
f,s,w,f,f,w,b,k,t,s,f,w,w,p,w,o,e,n,s,g,e
f,s,w,f,f,w,b,h,t,s,s,w,w,p,w,o,e,n,a,g,e
f,s,g,f,f,w,b,p,t,s,s,w,w,p,w,o,e,n,s,g,e
f,f,w,f,f,w,b,n,t,f,f,w,w,p,w,o,e,n,s,g,e
f,s,n,f,f,w,b,p,t,s,f,w,w,p,w,o,e,n,a,g,e
f,s,w,t,f,c,n,k,e,s,s,w,w,p,w,o,p,n,s,g,p
x,f,g,f,f,w,b,n,t,f,s,w,w,p,w,o,e,n,a,g,e
b,y,y,t,f,c,b,k,e,s,s,w,w,p,w,o,p,k,n,g,e
f,f,n,f,f,w,b,k,t,f,f,w,w,p,w,o,e,n,s,g,e
f,s,g,f,f,w,b,k,t,s,s,w,w,p,w,o,e,n,s,g,e
x,f,n,t,f,c,b,n,t,s,s,w,g,p,w,o,p,k,y,d,e
b,s,y,t,f,c,b,n,e,s,s,w,w,p,w,o,p,k,s,m,e
x,s,w,f,f,w,b,p,t,s,s,w,w,p,w,o,e,k,s,g,e
f,f,n,t,f,c,b,n,t,s,s,w,p,p,w,o,p,n,y,d,e
x,s,w,t,f,c,n,n,e,s,s,w,w,p,w,o,p,n,s,g,p
f,f,w,f,f,w,b,n,t,f,s,w,w,p,w,o,e,k,s,g,e
f,y,w,t,f,c,n,k,e,s,s,w,w,p,w,o,p,n,s,u,p
x,s,n,f,f,w,b,k,t,f,s,w,w,p,w,o,e,n,a,g,e
f,s,n,f,f,w,b,n,t,s,f,w,w,p,w,o,e,k,a,g,e
b,s,y,t,f,c,b,g,e,s,s,w,w,p,w,o,p,k,n,g,e
f,s,g,f,f,w,b,k,t,f,f,w,w,p,w,o,e,n,a,g,e
x,s,g,f,f,w,b,k,t,s,f,w,w,p,w,o,e,n,a,g,e
f,f,g,f,f,w,b,k,t,f,f,w,w,p,w,o,e,k,s,g,e
x,f,g,f,f,w,b,k,t,s,s,w,w,p,w,o,e,k,s,g,e
f,s,w,f,f,w,b,n,t,s,s,w,w,p,w,o,e,k,a,g,e
f,s,n,t,f,c,n,k,e,s,s,w,w,p,w,o,p,k,v,g,p
f,f,g,f,f,w,b,p,t,s,f,w,w,p,w,o,e,n,a,g,e
f,s,w,f,f,w,b,h,t,s,s,w,w,p,w,o,e,k,a,g,e
x,f,n,t,f,c,b,n,t,s,s,p,g,p,w,o,p,k,y,d,e
x,s,n,f,f,w,b,p,t,s,f,w,w,p,w,o,e,n,a,g,e
x,f,e,t,f,c,b,u,t,s,s,w,p,p,w,o,p,n,y,d,e
x,y,y,t,f,c,b,n,e,s,s,w,w,p,w,o,p,n,n,g,e
f,f,w,f,f,w,b,k,t,f,s,w,w,p,w,o,e,k,s,g,e
x,s,w,f,f,w,b,n,t,s,f,w,w,p,w,o,e,k,a,g,e
f,f,n,f,f,w,b,h,t,f,s,w,w,p,w,o,e,n,a,g,e
f,s,w,t,f,c,n,w,e,s,s,w,w,p,w,o,p,k,s,u,p
f,f,g,t,f,c,b,n,t,s,s,w,g,p,w,o,p,n,y,d,e
f,s,w,f,f,w,b,n,t,s,s,w,w,p,w,o,e,n,s,g,e
f,f,w,f,f,w,b,h,t,s,f,w,w,p,w,o,e,k,a,g,e
f,y,n,t,f,c,n,k,e,s,s,w,w,p,w,o,p,n,v,g,p
x,s,w,f,f,w,b,p,t,f,f,w,w,p,w,o,e,k,s,g,e
x,f,n,t,f,c,b,p,t,s,s,g,w,p,w,o,p,n,y,d,e
x,y,g,t,f,c,b,u,t,s,s,w,p,p,w,o,p,n,v,d,e
x,y,g,t,f,c,b,p,t,s,s,w,g,p,w,o,p,n,v,d,e
f,s,n,f,f,w,b,k,t,f,f,w,w,p,w,o,e,n,s,g,e
f,s,w,f,f,w,b,h,t,f,f,w,w,p,w,o,e,n,s,g,e
f,s,n,f,f,w,b,k,t,s,f,w,w,p,w,o,e,n,a,g,e
x,s,n,f,f,w,b,p,t,f,f,w,w,p,w,o,e,k,a,g,e
f,f,w,f,f,w,b,h,t,f,f,w,w,p,w,o,e,k,a,g,e
x,f,n,f,f,w,b,n,t,f,f,w,w,p,w,o,e,k,s,g,e
f,f,w,f,f,w,b,p,t,s,s,w,w,p,w,o,e,k,a,g,e
f,f,n,f,f,w,b,n,t,f,s,w,w,p,w,o,e,n,a,g,e
f,s,w,f,f,w,b,n,t,f,s,w,w,p,w,o,e,k,s,g,e
f,f,n,f,f,w,b,p,t,f,s,w,w,p,w,o,e,n,a,g,e
f,y,n,t,f,c,n,w,e,s,s,w,w,p,w,o,p,k,v,u,p
f,f,w,f,f,w,b,k,t,s,s,w,w,p,w,o,e,k,a,g,e
f,s,w,f,f,w,b,p,t,s,f,w,w,p,w,o,e,n,s,g,e
x,f,n,f,f,w,b,k,t,s,f,w,w,p,w,o,e,n,a,g,e
f,f,w,f,f,w,b,p,t,f,f,w,w,p,w,o,e,n,s,g,e
x,f,g,f,f,w,b,n,t,s,f,w,w,p,w,o,e,k,a,g,e
f,s,n,f,f,w,b,p,t,s,s,w,w,p,w,o,e,n,a,g,e
x,f,g,t,f,c,b,n,t,s,s,g,g,p,w,o,p,k,v,d,e
f,f,w,f,f,w,b,n,t,f,s,w,w,p,w,o,e,n,a,g,e
f,f,n,f,f,w,b,p,t,f,f,w,w,p,w,o,e,k,s,g,e
x,s,n,f,f,w,b,p,t,s,s,w,w,p,w,o,e,k,s,g,e
x,f,w,f,f,w,b,h,t,s,f,w,w,p,w,o,e,k,s,g,e
b,s,y,t,f,c,b,g,e,s,s,w,w,p,w,o,p,k,s,g,e
x,y,n,t,f,c,n,p,e,s,s,w,w,p,w,o,p,k,s,g,p
f,s,n,t,f,c,n,p,e,s,s,w,w,p,w,o,p,k,v,g,p
f,f,w,f,f,w,b,k,t,s,f,w,w,p,w,o,e,k,s,g,e
f,f,n,f,f,w,b,k,t,s,s,w,w,p,w,o,e,k,s,g,e
f,y,n,t,f,c,n,k,e,s,s,w,w,p,w,o,p,k,s,g,p
f,f,n,f,f,w,b,p,t,s,f,w,w,p,w,o,e,k,s,g,e
x,s,w,t,f,c,n,n,e,s,s,w,w,p,w,o,p,n,v,u,p
f,s,n,f,f,w,b,k,t,s,s,w,w,p,w,o,e,n,a,g,e
f,y,w,t,f,c,n,n,e,s,s,w,w,p,w,o,p,n,v,u,p
f,s,n,f,f,w,b,n,t,f,s,w,w,p,w,o,e,k,a,g,e
f,s,g,f,f,w,b,h,t,f,f,w,w,p,w,o,e,k,a,g,e
x,f,g,f,f,w,b,h,t,s,f,w,w,p,w,o,e,k,a,g,e
f,f,n,f,f,w,b,k,t,s,s,w,w,p,w,o,e,n,s,g,e
x,f,g,t,f,c,b,w,t,s,s,w,p,p,w,o,p,n,v,d,e
x,f,n,t,f,c,b,p,t,s,s,g,p,p,w,o,p,k,v,d,e
x,f,n,f,f,w,b,k,t,s,f,w,w,p,w,o,e,n,s,g,e
x,f,g,t,f,c,b,w,t,s,s,g,w,p,w,o,p,k,y,d,e
x,s,w,f,f,w,b,h,t,s,s,w,w,p,w,o,e,n,s,g,e
f,s,w,f,f,w,b,h,t,f,f,w,w,p,w,o,e,k,a,g,e
x,s,w,f,f,w,b,p,t,f,s,w,w,p,w,o,e,k,s,g,e
f,f,g,f,f,w,b,k,t,s,f,w,w,p,w,o,e,k,s,g,e
x,f,n,t,f,c,b,p,t,s,s,w,p,p,w,o,p,n,y,d,e
x,s,w,f,f,w,b,k,t,s,f,w,w,p,w,o,e,n,s,g,e
x,s,n,f,f,w,b,h,t,f,s,w,w,p,w,o,e,k,s,g,e
f,s,g,f,f,w,b,p,t,s,f,w,w,p,w,o,e,n,s,g,e
f,y,w,t,f,c,n,k,e,s,s,w,w,p,w,o,p,n,s,g,p
f,s,n,f,f,w,b,k,t,s,f,w,w,p,w,o,e,k,s,g,e
f,y,y,t,f,c,b,p,e,s,y,w,w,p,w,o,p,n,y,g,e
x,f,g,t,f,c,b,n,t,s,s,g,p,p,w,o,p,k,y,d,e
f,s,g,f,f,w,b,n,t,s,s,w,w,p,w,o,e,n,a,g,e
x,s,g,f,f,w,b,h,t,f,s,w,w,p,w,o,e,n,a,g,e
f,y,w,t,f,c,n,p,e,s,s,w,w,p,w,o,p,n,s,u,p
x,s,w,f,f,w,b,h,t,f,f,w,w,p,w,o,e,k,a,g,e
x,s,w,f,f,w,b,p,t,s,s,w,w,p,w,o,e,k,a,g,e
f,s,g,f,f,w,b,n,t,s,s,w,w,p,w,o,e,k,a,g,e
f,s,n,f,f,w,b,n,t,s,s,w,w,p,w,o,e,n,s,g,e
x,f,n,f,f,w,b,k,t,f,f,w,w,p,w,o,e,k,s,g,e
f,s,n,f,f,w,b,p,t,s,f,w,w,p,w,o,e,k,s,g,e
f,s,n,f,f,w,b,n,t,f,f,w,w,p,w,o,e,n,a,g,e
x,f,w,f,f,w,b,n,t,s,f,w,w,p,w,o,e,n,a,g,e
f,f,w,f,f,w,b,k,t,f,s,w,w,p,w,o,e,n,a,g,e
f,f,n,f,f,w,b,h,t,s,f,w,w,p,w,o,e,k,a,g,e
x,y,w,t,f,c,b,g,e,s,s,w,w,p,w,o,p,n,s,m,e
x,s,n,f,f,w,b,n,t,f,s,w,w,p,w,o,e,k,a,g,e
x,s,g,f,f,w,b,h,t,f,f,w,w,p,w,o,e,n,s,g,e
f,s,w,f,f,w,b,k,t,f,s,w,w,p,w,o,e,k,a,g,e
x,s,w,t,f,c,n,w,e,s,s,w,w,p,w,o,p,n,s,u,p
x,s,w,f,f,w,b,p,t,s,f,w,w,p,w,o,e,k,s,g,e
x,f,n,t,f,c,b,n,t,s,s,g,p,p,w,o,p,n,v,d,e
f,f,g,f,f,w,b,n,t,s,s,w,w,p,w,o,e,n,s,g,e
x,s,g,f,f,w,b,n,t,s,f,w,w,p,w,o,e,k,a,g,e
f,f,n,f,f,w,b,n,t,s,s,w,w,p,w,o,e,n,a,g,e
f,s,n,f,f,w,b,p,t,s,s,w,w,p,w,o,e,n,s,g,e
x,s,g,f,f,w,b,h,t,f,f,w,w,p,w,o,e,k,s,g,e
f,y,n,t,f,c,b,n,e,s,y,w,w,p,w,o,p,k,s,p,e
f,y,n,t,f,c,n,p,e,s,s,w,w,p,w,o,p,k,v,u,p
x,s,n,f,f,w,b,p,t,s,f,w,w,p,w,o,e,n,s,g,e
x,f,n,t,f,c,b,p,t,s,s,w,w,p,w,o,p,k,v,d,e
f,y,w,t,f,c,n,w,e,s,s,w,w,p,w,o,p,k,s,g,p
x,s,w,t,f,c,n,p,e,s,s,w,w,p,w,o,p,k,s,u,p
f,s,n,t,f,c,n,p,e,s,s,w,w,p,w,o,p,n,s,u,p
x,f,n,t,f,c,b,u,t,s,s,g,p,p,w,o,p,k,y,d,e
b,y,w,t,f,c,b,g,e,s,s,w,w,p,w,o,p,k,n,m,e
f,y,w,t,f,c,n,k,e,s,s,w,w,p,w,o,p,k,s,g,p
f,f,w,f,f,w,b,p,t,s,f,w,w,p,w,o,e,k,a,g,e
x,s,w,f,f,w,b,n,t,f,s,w,w,p,w,o,e,n,s,g,e
x,f,n,t,f,c,b,n,t,s,s,g,p,p,w,o,p,k,y,d,e
x,s,n,f,f,w,b,h,t,f,s,w,w,p,w,o,e,k,a,g,e
f,f,n,f,f,w,b,p,t,s,s,w,w,p,w,o,e,k,s,g,e
f,f,n,f,f,w,b,n,t,f,f,w,w,p,w,o,e,n,s,g,e
f,y,n,t,f,c,n,p,e,s,s,w,w,p,w,o,p,n,s,u,p
f,y,w,t,f,c,n,w,e,s,s,w,w,p,w,o,p,k,v,g,p
x,s,n,f,f,w,b,p,t,s,f,w,w,p,w,o,e,k,s,g,e
f,f,g,f,f,w,b,p,t,f,f,w,w,p,w,o,e,n,s,g,e
x,f,n,t,f,c,b,n,t,s,s,p,g,p,w,o,p,k,v,d,e
f,s,g,f,f,w,b,k,t,f,s,w,w,p,w,o,e,n,s,g,e
f,f,n,f,f,w,b,h,t,f,s,w,w,p,w,o,e,k,a,g,e
f,s,n,t,f,c,n,k,e,s,s,w,w,p,w,o,p,n,v,u,p
x,f,n,f,f,w,b,n,t,f,f,w,w,p,w,o,e,n,a,g,e
f,y,n,t,f,c,n,p,e,s,s,w,w,p,w,o,p,n,v,g,p
x,s,g,f,f,w,b,n,t,f,f,w,w,p,w,o,e,k,a,g,e
f,f,w,f,f,w,b,p,t,f,f,w,w,p,w,o,e,k,s,g,e
x,s,w,f,f,w,b,n,t,s,s,w,w,p,w,o,e,n,a,g,e
x,f,n,t,f,c,b,n,t,s,s,p,p,p,w,o,p,n,y,d,e
x,s,n,f,f,w,b,h,t,f,s,w,w,p,w,o,e,n,s,g,e
f,s,w,t,f,c,n,k,e,s,s,w,w,p,w,o,p,n,s,u,p
x,f,n,t,f,c,b,p,t,s,s,w,g,p,w,o,p,n,v,d,e
x,s,w,f,f,w,b,n,t,f,f,w,w,p,w,o,e,k,s,g,e
f,s,w,f,f,w,b,k,t,f,s,w,w,p,w,o,e,k,s,g,e
x,s,w,t,f,w,n,n,t,s,s,w,w,p,w,o,p,u,v,d,e
x,f,n,f,f,w,b,p,t,f,f,w,w,p,w,o,e,n,s,g,e
x,y,g,t,f,c,b,p,t,s,s,g,w,p,w,o,p,k,v,d,e
x,f,n,t,f,c,b,n,t,s,s,g,g,p,w,o,p,n,y,d,e
x,s,y,t,f,w,n,p,t,s,s,w,w,p,w,o,p,u,v,d,e
f,f,g,f,f,w,b,h,t,s,s,w,w,p,w,o,e,k,a,g,e
x,s,n,f,f,w,b,n,t,s,s,w,w,p,w,o,e,k,s,g,e
x,y,e,t,f,c,b,u,t,s,s,g,w,p,w,o,p,n,y,d,e
f,s,g,f,f,w,b,p,t,f,f,w,w,p,w,o,e,k,a,g,e
f,s,w,t,f,c,n,n,e,s,s,w,w,p,w,o,p,k,v,u,p
f,f,w,f,f,w,b,p,t,s,f,w,w,p,w,o,e,n,s,g,e
x,f,g,f,f,w,b,h,t,s,s,w,w,p,w,o,e,n,a,g,e
f,f,n,f,f,w,b,k,t,s,f,w,w,p,w,o,e,n,s,g,e
f,s,n,f,f,w,b,p,t,f,f,w,w,p,w,o,e,k,a,g,e
x,f,w,f,f,w,b,k,t,f,f,w,w,p,w,o,e,n,a,g,e
f,y,w,t,f,c,n,p,e,s,s,w,w,p,w,o,p,k,s,g,p
x,f,w,f,f,w,b,k,t,f,s,w,w,p,w,o,e,n,s,g,e
f,s,n,f,f,w,b,k,t,f,f,w,w,p,w,o,e,n,a,g,e
x,s,n,f,f,w,b,n,t,f,s,w,w,p,w,o,e,k,s,g,e
x,f,g,f,f,w,b,p,t,s,s,w,w,p,w,o,e,k,s,g,e
x,s,n,f,f,w,b,k,t,s,s,w,w,p,w,o,e,k,a,g,e
f,y,y,t,f,c,b,n,e,s,y,w,w,p,w,o,p,k,y,g,e
x,y,n,t,f,c,n,n,e,s,s,w,w,p,w,o,p,k,v,u,p
x,f,w,f,f,w,b,p,t,s,f,w,w,p,w,o,e,k,a,g,e
f,s,w,f,f,w,b,k,t,f,f,w,w,p,w,o,e,k,s,g,e
x,s,n,f,f,w,b,h,t,s,f,w,w,p,w,o,e,n,s,g,e
f,y,n,t,f,c,n,p,e,s,s,w,w,p,w,o,p,n,s,g,p
f,f,g,f,f,w,b,p,t,f,s,w,w,p,w,o,e,k,s,g,e
f,s,w,t,f,c,n,p,e,s,s,w,w,p,w,o,p,n,s,u,p
f,s,n,f,f,w,b,n,t,f,s,w,w,p,w,o,e,k,s,g,e
x,s,g,f,f,w,b,p,t,f,s,w,w,p,w,o,e,k,s,g,e
x,f,g,f,f,w,b,n,t,s,s,w,w,p,w,o,e,k,a,g,e
f,f,n,f,f,w,b,n,t,s,s,w,w,p,w,o,e,k,s,g,e
f,s,g,f,f,w,b,h,t,s,f,w,w,p,w,o,e,n,s,g,e
x,s,w,f,f,w,b,p,t,s,f,w,w,p,w,o,e,n,s,g,e
x,f,n,f,f,w,b,k,t,s,f,w,w,p,w,o,e,k,a,g,e