Gender,Age Range,Do you approve or disapprove of how Donald Trump is handling his job as president?,What is your highest level of education?,What is your race?,Would you say that you love America?,Have you ever gone hunting?,Have you ever eaten a kale salad?,"Who would you prefer as president of the United States, Darth Vader or Donald Trump?"
Female,35-44,DK/REF,College degree,White,Yes,No,No,Donald Trump
Female,55-64,Disapprove,Some college,White,Yes,No,No,Darth Vader
Male,45-54,Approve,Other,White,Yes,Yes,No,Donald Trump
Female,35-44,Disapprove,College degree,White,Yes,No,Yes,Darth Vader
Female,35-44,DK/REF,Graduate degree,Black,Yes,No,Yes,Darth Vader
Female,35-44,Disapprove,High school,Latino,Yes,No,No,Darth Vader
Female,65+,Disapprove,Some college,White,Yes,No,No,Darth Vader
Female,35-44,Disapprove,College degree,Latino,Yes,No,No,Darth Vader
Female,65+,Disapprove,College degree,White,Yes,Yes,Yes,Donald Trump
Female,35-44,Disapprove,College degree,White,Yes,Yes,Yes,Darth Vader
Female,35-44,Disapprove,Graduate degree,Black,Yes,Yes,Yes,DK/REF
Female,65+,Approve,Graduate degree,White,Yes,No,No,Donald Trump
Female,35-44,Disapprove,High school,Latino,Yes,No,Yes,Darth Vader
Female,45-54,Disapprove,Some college,White,Yes,No,No,Darth Vader
Female,55-64,Disapprove,Graduate degree,White,Yes,Yes,Yes,DK/REF
Male,35-44,DK/REF,Some college,White,Yes,Yes,Yes,Donald Trump
Male,25-34,Disapprove,College degree,Latino,Yes,No,No,Darth Vader
Male,35-44,DK/REF,Some college,White,Yes,Yes,Yes,Donald Trump
Male,35-44,Approve,Graduate degree,White,Yes,Yes,Yes,Donald Trump
Male,55-64,Disapprove,Some college,Latino,Yes,No,No,Donald Trump
Female,45-54,Approve,Some college,White,Yes,No,No,Donald Trump
Female,55-64,Disapprove,Some college,Black,Yes,No,No,DK/REF
Male,35-44,Approve,Some college,White,Yes,Yes,Yes,Donald Trump
Male,35-44,Approve,College degree,White,Yes,Yes,Yes,Donald Trump
Female,55-64,Disapprove,High school,Black,Yes,No,No,Darth Vader
Female,35-44,Disapprove,Graduate degree,White,Yes,No,DK/REF,DK/REF
Male,35-44,Approve,High school,White,Yes,Yes,Yes,Donald Trump
Female,35-44,DK/REF,Graduate degree,White,Yes,No,No,Donald Trump
Female,45-54,Disapprove,Some college,White,Yes,No,Yes,Darth Vader
Female,35-44,Disapprove,Graduate degree,White,Yes,No,Yes,DK/REF
Female,35-44,Disapprove,Graduate degree,White,Yes,Yes,Yes,DK/REF
Female,35-44,Disapprove,College degree,Other,Yes,Yes,Yes,Donald Trump
Male,35-44,Disapprove,Some college,White,Yes,No,No,Darth Vader
Male,35-44,Approve,College degree,White,Yes,No,Yes,Donald Trump
Male,35-44,Disapprove,Graduate degree,White,Yes,No,No,Darth Vader
Female,35-44,Disapprove,Graduate degree,White,Yes,Yes,Yes,DK/REF
Male,25-34,Approve,Graduate degree,White,Yes,Yes,No,Donald Trump
Male,35-44,Approve,Graduate degree,Latino,Yes,Yes,Yes,Donald Trump
Female,65+,Disapprove,College degree,Black,Yes,No,No,DK/REF
Male,25-34,Disapprove,College degree,Latino,Yes,No,Yes,Donald Trump
Male,55-64,Disapprove,College degree,White,Yes,No,No,DK/REF
Female,25-34,Approve,High school,White,Yes,Yes,Yes,Donald Trump
Male,25-34,Approve,College degree,Black,Yes,No,No,DK/REF
Female,55-64,DK/REF,High school,Black,Yes,No,No,Darth Vader
Female,35-44,Approve,College degree,Black,Yes,No,Yes,Darth Vader
Male,25-34,Approve,High school,DK/REF,Yes,Yes,No,Donald Trump
Male,35-44,Approve,College degree,Other,Yes,Yes,Yes,Donald Trump
Male,35-44,Approve,Graduate degree,White,Yes,No,Yes,DK/REF
Female,55-64,Disapprove,High school,Black,Yes,No,No,Darth Vader
Female,55-64,Approve,High school,White,Yes,No,No,DK/REF
Female,35-44,Disapprove,Some college,White,Yes,No,No,Donald Trump
Female,35-44,Approve,Some college,White,Yes,Yes,Yes,Donald Trump
Female,45-54,Disapprove,Some college,White,Yes,No,No,Darth Vader
Other,55-64,Approve,Graduate degree,White,Yes,No,No,Donald Trump
Male,25-34,Approve,College degree,White,Yes,Yes,Yes,Donald Trump
Male,45-54,Disapprove,High school,White,Yes,Yes,Yes,Donald Trump
Male,35-44,Disapprove,College degree,White,Yes,Yes,No,Darth Vader
Female,45-54,Disapprove,College degree,White,Yes,No,No,Donald Trump
Female,35-44,Disapprove,High school,Black,Yes,No,No,Darth Vader
Female,35-44,Disapprove,High school,White,Yes,No,Yes,Donald Trump
Female,35-44,Disapprove,College degree,White,Yes,No,No,DK/REF
Female,35-44,Disapprove,College degree,White,Yes,No,No,Darth Vader
Female,35-44,Approve,College degree,White,Yes,Yes,Yes,Donald Trump
Female,65+,Disapprove,College degree,White,Yes,No,No,DK/REF
Male,45-54,Approve,Some college,White,Yes,Yes,No,Donald Trump
Male,25-34,Approve,High school,White,Yes,Yes,No,Donald Trump
Female,18-24,Disapprove,High school,Black,Yes,No,No,Donald Trump
Female,45-54,Approve,Some college,White,Yes,Yes,No,Donald Trump
Female,45-54,Approve,College degree,White,Yes,No,Yes,Donald Trump
Male,45-54,Approve,High school,White,Yes,Yes,No,Donald Trump
Male,25-34,Approve,Some college,White,Yes,Yes,No,Donald Trump
Female,45-54,Disapprove,High school,Black,Yes,No,No,Darth Vader
Male,18-24,Disapprove,High school,Black,Yes,No,No,Darth Vader
Female,55-64,Disapprove,College degree,White,Yes,No,No,Darth Vader
Male,18-24,Approve,College degree,White,Yes,No,Yes,Donald Trump
Male,65+,Disapprove,Some college,DK/REF,Yes,No,Yes,Darth Vader
Female,55-64,Disapprove,Some college,White,Yes,No,Yes,Darth Vader
Female,35-44,Disapprove,College degree,White,Yes,No,No,Donald Trump
Female,45-54,Approve,High school,White,Yes,No,No,Donald Trump
Male,55-64,Disapprove,Graduate degree,White,Yes,No,Yes,Darth Vader
Male,55-64,Approve,Some college,White,Yes,Yes,DK/REF,Donald Trump
Female,25-34,Disapprove,High school,White,No,No,No,Donald Trump
Female,45-54,Disapprove,College degree,Black,Yes,No,Yes,Darth Vader
Female,35-44,Disapprove,Some college,White,Yes,No,Yes,Darth Vader
Male,55-64,Disapprove,High school,White,Yes,Yes,Yes,DK/REF
Male,35-44,Disapprove,College degree,White,Yes,No,Yes,DK/REF
Female,35-44,Disapprove,High school,White,Yes,Yes,Yes,Donald Trump
Male,35-44,Approve,College degree,White,Yes,No,No,Donald Trump
Other,35-44,Disapprove,Some college,White,Yes,No,Yes,Darth Vader
Female,55-64,Approve,Some college,White,Yes,Yes,Yes,Donald Trump
Female,45-54,Approve,College degree,White,Yes,No,Yes,Donald Trump
Female,35-44,DK/REF,College degree,White,Yes,No,No,DK/REF
Female,35-44,Disapprove,Some college,Black,Yes,No,No,DK/REF
Male,35-44,Approve,College degree,White,Yes,Yes,No,Donald Trump
Female,55-64,Disapprove,Graduate degree,White,Yes,No,No,Darth Vader
Female,65+,Disapprove,High school,Black,Yes,Yes,No,DK/REF
Female,45-54,Approve,Some college,White,No,Yes,Yes,Donald Trump
Female,65+,Approve,College degree,White,Yes,No,No,DK/REF
Female,45-54,Disapprove,College degree,Black,Yes,No,No,Darth Vader
Female,55-64,Disapprove,Some college,White,Yes,No,Yes,Darth Vader
Male,55-64,Approve,College degree,White,Yes,Yes,No,Donald Trump
Female,45-54,DK/REF,High school,White,Yes,No,Yes,DK/REF
Female,25-34,Disapprove,Some college,White,Yes,No,Yes,Darth Vader
Male,65+,Approve,High school,White,Yes,Yes,Yes,Donald Trump
Male,25-34,Disapprove,Graduate degree,White,Yes,Yes,No,Darth Vader
Male,18-24,Disapprove,Some college,White,Yes,Yes,Yes,Donald Trump
Female,45-54,Disapprove,College degree,White,Yes,No,No,Donald Trump
Female,25-34,Disapprove,High school,White,Yes,Yes,No,Darth Vader
Female,45-54,Disapprove,High school,White,Yes,Yes,Yes,DK/REF
Female,65+,Disapprove,High school,White,Yes,No,No,Donald Trump
Male,18-24,Disapprove,Some college,White,Yes,No,Yes,Donald Trump
Female,25-34,Approve,Some college,White,Yes,Yes,No,Donald Trump
Male,65+,Approve,Some college,White,Yes,Yes,Yes,Donald Trump
Male,65+,Approve,Some college,White,Yes,Yes,No,Donald Trump
Female,35-44,Approve,Graduate degree,Other,Yes,No,Yes,Donald Trump
Female,45-54,Approve,College degree,Other,Yes,Yes,Yes,Donald Trump
Male,45-54,Disapprove,Graduate degree,White,Yes,Yes,Yes,Donald Trump
Female,65+,Approve,Some college,White,Yes,Yes,No,Donald Trump
Female,45-54,Disapprove,College degree,White,Yes,No,Yes,Darth Vader
Male,35-44,Approve,College degree,White,Yes,Yes,No,Donald Trump
Female,45-54,Approve,High school,White,Yes,No,No,Donald Trump
Male,45-54,Disapprove,High school,Latino,Yes,Yes,No,Donald Trump
Other,25-34,Disapprove,Some college,White,Yes,Yes,Yes,Donald Trump
Male,65+,Approve,Graduate degree,White,Yes,No,No,DK/REF
Female,65+,Approve,High school,Other,Yes,No,No,DK/REF
Male,55-64,Approve,High school,Latino,Yes,No,No,Donald Trump
Female,25-34,Approve,Graduate degree,White,Yes,Yes,Yes,Donald Trump
Male,55-64,Disapprove,High school,Latino,Yes,Yes,No,Darth Vader
Female,55-64,Disapprove,College degree,White,Yes,No,No,DK/REF
Female,65+,Disapprove,High school,Black,Yes,No,No,DK/REF
Female,35-44,Disapprove,Some college,Black,Yes,Yes,Yes,Darth Vader
Male,65+,Disapprove,College degree,Latino,Yes,No,Yes,DK/REF
Male,45-54,Approve,High school,White,Yes,Yes,No,Donald Trump
DK/REF,65+,Disapprove,High school,Black,Yes,No,No,DK/REF
Female,35-44,Approve,Some college,White,Yes,No,No,Donald Trump
Male,65+,Approve,High school,White,Yes,No,No,Donald Trump
Female,25-34,Disapprove,Graduate degree,White,Yes,No,No,Darth Vader
Female,65+,DK/REF,High school,Black,Yes,No,No,Donald Trump
Female,65+,Disapprove,Some college,White,Yes,No,No,Donald Trump
Female,35-44,Disapprove,College degree,White,Yes,No,No,Donald Trump
Female,65+,DK/REF,Some college,White,Yes,Yes,DK/REF,DK/REF
Female,25-34,Approve,High school,White,Yes,No,No,Donald Trump
Male,55-64,Disapprove,High school,White,Yes,Yes,Yes,Darth Vader
Female,35-44,Disapprove,College degree,White,Yes,No,No,Darth Vader
Male,45-54,Approve,Graduate degree,White,Yes,Yes,No,Donald Trump
Female,45-54,Approve,College degree,DK/REF,Yes,No,Yes,Donald Trump
Male,45-54,Disapprove,Graduate degree,White,Yes,No,Yes,Donald Trump
Female,65+,Approve,High school,White,Yes,No,No,Donald Trump
Male,35-44,Disapprove,College degree,Black,Yes,Yes,Yes,Darth Vader
Female,35-44,Disapprove,College degree,White,Yes,Yes,Yes,Donald Trump
Male,65+,Disapprove,Some college,White,Yes,Yes,Yes,DK/REF
Male,45-54,Approve,Some college,White,Yes,Yes,Yes,Donald Trump
Male,35-44,Approve,College degree,White,Yes,No,Yes,Donald Trump
Male,45-54,Approve,Some college,Other,Yes,Yes,Yes,Donald Trump
Male,55-64,Approve,Other,White,Yes,Yes,Yes,Donald Trump
Male,25-34,Approve,Some college,DK/REF,Yes,Yes,No,Darth Vader
Male,45-54,Approve,Graduate degree,Latino,Yes,No,Yes,Donald Trump
Female,65+,Disapprove,College degree,White,Yes,No,Yes,Darth Vader
Male,55-64,DK/REF,Graduate degree,Black,Yes,No,No,Donald Trump
Male,35-44,Approve,High school,White,Yes,No,No,Darth Vader
Male,35-44,Disapprove,High school,White,Yes,Yes,Yes,Donald Trump
Female,35-44,Disapprove,College degree,Black,No,No,Yes,Darth Vader
Female,35-44,Approve,College degree,White,Yes,Yes,Yes,Donald Trump
Female,55-64,Disapprove,Some college,White,Yes,No,Yes,Darth Vader
Female,55-64,Approve,High school,White,Yes,No,No,Donald Trump
Male,65+,DK/REF,High school,White,Yes,No,No,DK/REF
Male,35-44,Disapprove,College degree,White,Yes,Yes,Yes,Darth Vader
Female,35-44,Disapprove,Some college,Black,Yes,No,No,Darth Vader
Female,35-44,DK/REF,Graduate degree,Latino,Yes,Yes,Yes,DK/REF
Female,35-44,Approve,College degree,White,Yes,No,Yes,DK/REF
Female,55-64,Disapprove,High school,Other,Yes,No,No,Darth Vader
Female,65+,DK/REF,Other,Black,Yes,No,Yes,DK/REF
Female,18-24,Disapprove,Some college,Latino,Yes,No,No,DK/REF
Male,35-44,Approve,College degree,Other,Yes,Yes,DK/REF,Donald Trump
Female,35-44,DK/REF,College degree,Black,Yes,No,No,DK/REF
Female,45-54,Disapprove,College degree,White,Yes,No,Yes,Donald Trump
Male,65+,DK/REF,Some college,Black,Yes,No,Yes,Donald Trump
Female,55-64,Approve,Some college,White,Yes,No,No,Donald Trump
Female,65+,Disapprove,Graduate degree,White,Yes,No,No,DK/REF
Male,18-24,Disapprove,Some college,Asian,No,No,Yes,Darth Vader
Male,65+,Approve,College degree,White,Yes,Yes,No,Donald Trump
Male,55-64,Approve,College degree,White,Yes,Yes,DK/REF,Donald Trump
Female,25-34,Disapprove,College degree,White,Yes,Yes,Yes,Darth Vader
Male,25-34,Disapprove,High school,Latino,Yes,No,DK/REF,Darth Vader
Female,25-34,Disapprove,Some college,Black,Yes,No,No,Darth Vader
Female,65+,Approve,Graduate degree,White,Yes,Yes,DK/REF,Donald Trump
Male,18-24,Disapprove,Some college,White,Yes,Yes,No,Darth Vader
Male,35-44,Disapprove,High school,Latino,Yes,No,Yes,Darth Vader
Male,25-34,Disapprove,College degree,Asian,Yes,No,No,Darth Vader
DK/REF,25-34,Approve,Some college,White,Yes,Yes,DK/REF,DK/REF
Male,25-34,Disapprove,High school,White,Yes,Yes,No,Donald Trump
Male,18-24,DK/REF,DK/REF,Latino,Yes,Yes,Yes,Donald Trump
Female,65+,Disapprove,Some college,White,Yes,Yes,Yes,DK/REF
Female,45-54,Approve,Some college,White,Yes,No,No,Donald Trump
Female,35-44,Disapprove,Graduate degree,White,Yes,No,Yes,Darth Vader
Male,45-54,Disapprove,Some college,White,Yes,Yes,Yes,Donald Trump
Other,35-44,Disapprove,Graduate degree,White,Yes,No,Yes,Darth Vader
Male,65+,Approve,College degree,White,Yes,Yes,Yes,Donald Trump
Male,25-34,Approve,Some college,Latino,Yes,No,No,Donald Trump
Male,45-54,Disapprove,Some college,White,Yes,No,Yes,Darth Vader
Male,65+,Disapprove,College degree,Latino,Yes,No,Yes,Donald Trump
Male,45-54,Disapprove,Some college,White,Yes,No,DK/REF,Darth Vader
Male,35-44,Disapprove,Some college,Latino,Yes,No,No,Darth Vader
Female,35-44,Disapprove,College degree,Asian,Yes,No,Yes,Donald Trump
Male,25-34,Disapprove,College degree,White,Yes,Yes,No,Darth Vader
Female,55-64,Disapprove,Graduate degree,White,Yes,No,No,DK/REF
Male,45-54,Approve,College degree,White,Yes,Yes,No,Donald Trump
Male,65+,Approve,College degree,Black,No,Yes,No,Donald Trump
Male,55-64,DK/REF,Some college,White,Yes,Yes,Yes,Donald Trump
Male,35-44,Disapprove,Graduate degree,White,No,No,Yes,Darth Vader
Female,45-54,Disapprove,Some college,White,Yes,No,No,Darth Vader
Female,65+,Approve,High school,White,Yes,No,No,Donald Trump
Female,45-54,Disapprove,Some college,Latino,Yes,No,Yes,Darth Vader
Male,35-44,Approve,College degree,White,Yes,Yes,No,Donald Trump
Male,35-44,Approve,Some college,White,Yes,Yes,Yes,Donald Trump
Male,25-34,Disapprove,Some college,Black,Yes,Yes,No,Darth Vader
Female,45-54,Disapprove,College degree,Other,Yes,No,Yes,DK/REF
Female,25-34,Disapprove,College degree,White,Yes,No,Yes,Darth Vader
Female,25-34,Disapprove,Some college,Latino,Yes,No,Yes,Darth Vader
Male,18-24,Disapprove,College degree,White,Yes,Yes,Yes,DK/REF
Female,25-34,Disapprove,College degree,White,Yes,Yes,Yes,Darth Vader
Female,18-24,Disapprove,Graduate degree,White,Yes,No,No,Donald Trump
Female,55-64,Approve,College degree,White,Yes,Yes,No,Donald Trump
Female,65+,Disapprove,Graduate degree,White,Yes,No,Yes,Darth Vader
Male,25-34,Approve,College degree,White,Yes,Yes,Yes,Donald Trump
Female,35-44,Approve,Some college,White,Yes,Yes,No,Darth Vader
Female,25-34,Disapprove,College degree,White,Yes,No,DK/REF,Donald Trump
Female,65+,Approve,Graduate degree,White,Yes,No,Yes,Donald Trump
Male,18-24,Approve,High school,White,Yes,No,No,Donald Trump
Male,25-34,Disapprove,College degree,Black,Yes,No,Yes,Darth Vader
Male,45-54,DK/REF,Graduate degree,Black,Yes,No,Yes,DK/REF
Male,45-54,Approve,High school,White,Yes,Yes,No,Darth Vader
Female,55-64,Disapprove,High school,White,Yes,No,No,Donald Trump
Male,55-64,Approve,High school,White,Yes,Yes,No,Donald Trump
Male,55-64,Disapprove,College degree,White,Yes,Yes,Yes,Donald Trump
Female,65+,Approve,High school,White,Yes,Yes,No,Donald Trump
Male,18-24,Disapprove,College degree,Black,Yes,Yes,Yes,Donald Trump
Female,65+,Approve,Graduate degree,White,Yes,No,Yes,Donald Trump
Male,45-54,Disapprove,Graduate degree,White,Yes,No,No,DK/REF
Female,35-44,Approve,Some college,White,Yes,Yes,No,Donald Trump
Male,55-64,Approve,College degree,White,Yes,Yes,Yes,Donald Trump
Female,45-54,Approve,College degree,White,Yes,No,Yes,Donald Trump
Male,45-54,DK/REF,Some college,White,Yes,No,Yes,Donald Trump
Male,25-34,Approve,High school,Black,Yes,No,No,Darth Vader
Female,18-24,Approve,Graduate degree,White,Yes,Yes,No,Darth Vader
Male,18-24,Approve,High school,Black,No,No,No,Donald Trump
Male,65+,Approve,Some college,White,Yes,Yes,No,Donald Trump
Male,18-24,Disapprove,College degree,Asian,No,Yes,No,Darth Vader
Male,18-24,DK/REF,College degree,Asian,Yes,No,No,Donald Trump
Male,65+,Approve,Graduate degree,White,Yes,Yes,Yes,Donald Trump
Female,65+,Disapprove,Graduate degree,White,Yes,No,Yes,Darth Vader
Male,25-34,Disapprove,Some college,White,Yes,Yes,No,Donald Trump
Male,55-64,DK/REF,Graduate degree,DK/REF,No,Yes,No,Darth Vader
Female,25-34,Disapprove,College degree,White,Yes,No,Yes,Donald Trump
Male,55-64,Approve,Graduate degree,White,Yes,Yes,No,Donald Trump
Male,45-54,Approve,Graduate degree,Black,Yes,Yes,Yes,Donald Trump
Female,45-54,Approve,College degree,White,Yes,No,Yes,Donald Trump
Male,25-34,Disapprove,Graduate degree,White,Yes,No,Yes,DK/REF
Male,55-64,Approve,High school,White,Yes,Yes,Yes,Donald Trump
Male,35-44,Disapprove,Graduate degree,White,Yes,Yes,Yes,Darth Vader
Male,18-24,Disapprove,High school,Latino,Yes,No,No,Darth Vader
Male,35-44,DK/REF,High school,Asian,Yes,Yes,Yes,Donald Trump
Male,45-54,Approve,High school,White,Yes,Yes,No,Donald Trump
Male,65+,Disapprove,Graduate degree,Asian,Yes,No,No,Darth Vader
DK/REF,18-24,DK/REF,Graduate degree,Asian,DK/REF,DK/REF,Yes,DK/REF
Female,35-44,Approve,College degree,White,Yes,Yes,Yes,Donald Trump
Male,25-34,Approve,College degree,White,Yes,Yes,No,Donald Trump
Male,25-34,DK/REF,College degree,Latino,Yes,Yes,DK/REF,DK/REF
Male,18-24,Disapprove,College degree,White,Yes,No,Yes,Donald Trump
Male,18-24,Approve,High school,Latino,Yes,No,Yes,Donald Trump
Male,18-24,DK/REF,Some college,White,No,No,Yes,Darth Vader
Male,25-34,Approve,High school,White,Yes,Yes,No,Darth Vader
Female,25-34,Disapprove,High school,Other,Yes,No,No,Darth Vader
Female,18-24,Disapprove,High school,Black,Yes,No,No,Darth Vader
Other,25-34,Approve,Some college,White,Yes,Yes,Yes,Donald Trump
Male,25-34,Disapprove,Graduate degree,Black,Yes,Yes,No,Darth Vader
Male,25-34,Disapprove,Graduate degree,Asian,Yes,Yes,No,DK/REF
Male,18-24,Disapprove,Some college,White,Yes,No,No,Darth Vader
Other,25-34,Disapprove,Graduate degree,White,Yes,Yes,Yes,Darth Vader
Female,25-34,Approve,Graduate degree,White,Yes,No,Yes,Donald Trump
Female,18-24,DK/REF,Graduate degree,White,Yes,No,No,Darth Vader
Female,25-34,DK/REF,Graduate degree,Latino,Yes,No,No,Darth Vader
Male,25-34,Disapprove,College degree,Black,Yes,No,Yes,DK/REF
Male,25-34,Disapprove,High school,Latino,Yes,No,No,Darth Vader
Male,18-24,DK/REF,Some college,White,Yes,Yes,No,Darth Vader
Male,65+,Approve,Some college,White,Yes,Yes,No,Donald Trump
Female,65+,Disapprove,College degree,White,Yes,No,No,DK/REF
Female,35-44,Approve,College degree,Asian,Yes,No,Yes,Donald Trump
Male,35-44,Approve,College degree,Other,Yes,Yes,Yes,Donald Trump
Other,35-44,Disapprove,College degree,Latino,Yes,Yes,Yes,DK/REF
Female,18-24,DK/REF,College degree,Black,Yes,Yes,No,DK/REF
Male,35-44,Disapprove,Some college,White,Yes,Yes,Yes,Donald Trump
Male,35-44,Approve,College degree,White,Yes,Yes,Yes,Donald Trump
Female,65+,Disapprove,High school,White,Yes,No,No,Darth Vader
Male,35-44,Disapprove,Graduate degree,Other,DK/REF,Yes,No,Darth Vader
Male,45-54,Approve,College degree,Asian,Yes,Yes,Yes,Donald Trump
Male,35-44,Disapprove,High school,Latino,Yes,No,No,DK/REF
Female,25-34,Disapprove,College degree,White,Yes,Yes,No,Darth Vader
Female,55-64,Disapprove,Some college,Black,Yes,No,No,Darth Vader
Female,25-34,DK/REF,College degree,DK/REF,Yes,No,Yes,Darth Vader
Male,35-44,Disapprove,Graduate degree,Other,Yes,No,Yes,Donald Trump
Female,55-64,Disapprove,Graduate degree,White,Yes,Yes,No,DK/REF
Male,35-44,DK/REF,College degree,White,Yes,No,No,DK/REF
Male,65+,Approve,College degree,White,Yes,Yes,DK/REF,Donald Trump
Female,45-54,Disapprove,College degree,Black,Yes,No,No,DK/REF
Male,35-44,Approve,College degree,White,Yes,Yes,Yes,Donald Trump
Other,65+,Disapprove,College degree,DK/REF,Yes,No,No,DK/REF
Female,55-64,DK/REF,Graduate degree,White,Yes,No,Yes,Donald Trump
Female,35-44,Disapprove,Graduate degree,White,Yes,Yes,Yes,Darth Vader
Male,35-44,Disapprove,Graduate degree,White,No,No,Yes,DK/REF
Male,45-54,Approve,Some college,White,Yes,Yes,No,Donald Trump
Female,35-44,Disapprove,Some college,Black,Yes,No,Yes,DK/REF
Male,18-24,Approve,Graduate degree,DK/REF,Yes,No,Yes,Donald Trump
Female,65+,Disapprove,High school,Black,Yes,No,No,Darth Vader
Male,35-44,Approve,Graduate degree,White,Yes,Yes,DK/REF,Donald Trump
Male,65+,Approve,Graduate degree,DK/REF,Yes,No,DK/REF,Donald Trump
Male,35-44,Approve,High school,White,Yes,Yes,No,Donald Trump
Female,25-34,Disapprove,High school,White,Yes,No,No,Darth Vader
Female,35-44,Approve,Some college,White,Yes,No,Yes,Donald Trump
Female,45-54,Approve,Other,Latino,Yes,Yes,No,Donald Trump
Other,35-44,Approve,College degree,DK/REF,Yes,Yes,Yes,Donald Trump
Male,25-34,Approve,Some college,White,Yes,Yes,No,Donald Trump
Other,18-24,DK/REF,Other,White,Yes,Yes,Yes,DK/REF
Male,35-44,Approve,Graduate degree,White,Yes,No,No,Donald Trump
Female,45-54,Disapprove,High school,Black,Yes,No,Yes,DK/REF
Male,18-24,Approve,High school,White,Yes,Yes,DK/REF,Donald Trump
Male,18-24,Disapprove,Some college,White,Yes,Yes,Yes,Darth Vader
Female,35-44,Disapprove,Graduate degree,Asian,Yes,No,No,Darth Vader
Male,55-64,DK/REF,Other,Asian,Yes,No,No,DK/REF
Male,65+,Disapprove,High school,White,Yes,Yes,No,Donald Trump
Male,65+,Disapprove,High school,Black,Yes,Yes,Yes,Donald Trump
Male,35-44,DK/REF,College degree,Asian,Yes,No,DK/REF,DK/REF
Male,55-64,Approve,High school,White,Yes,No,No,Donald Trump
Male,65+,Approve,Some college,White,Yes,Yes,No,Donald Trump
DK/REF,35-44,Approve,College degree,White,Yes,Yes,Yes,Donald Trump
Male,65+,Approve,High school,White,Yes,No,No,Donald Trump
Female,18-24,Disapprove,High school,White,Yes,No,No,Darth Vader
Female,25-34,Disapprove,Some college,White,Yes,Yes,No,Donald Trump
Female,45-54,Approve,College degree,White,Yes,No,Yes,Donald Trump
Male,45-54,Disapprove,Graduate degree,White,Yes,No,No,Darth Vader
Male,55-64,Disapprove,Some college,Other,Yes,Yes,No,Darth Vader
Male,18-24,DK/REF,High school,Other,No,No,No,Donald Trump
Male,45-54,Disapprove,Some college,Black,Yes,No,Yes,Donald Trump
Male,25-34,Approve,College degree,White,Yes,No,No,Donald Trump
Female,18-24,Disapprove,High school,Latino,Yes,No,Yes,Darth Vader
Female,35-44,Approve,High school,White,Yes,Yes,Yes,Donald Trump
Female,18-24,Approve,Some college,Other,Yes,No,No,Donald Trump
Other,18-24,Disapprove,College degree,DK/REF,Yes,Yes,No,Darth Vader
Female,65+,Disapprove,Graduate degree,White,Yes,Yes,No,DK/REF
Female,55-64,Disapprove,High school,White,Yes,No,No,Donald Trump
Male,25-34,Approve,Some college,Other,Yes,No,Yes,Donald Trump
Male,45-54,DK/REF,Graduate degree,White,Yes,No,Yes,Donald Trump
Male,65+,Approve,Some college,White,Yes,Yes,Yes,Donald Trump
Female,55-64,Disapprove,Graduate degree,White,Yes,No,Yes,DK/REF
Female,45-54,Disapprove,Some college,White,Yes,Yes,No,Darth Vader
Female,45-54,DK/REF,Other,Latino,Yes,No,No,Donald Trump
Female,55-64,Disapprove,Some college,Black,Yes,No,Yes,Darth Vader
Male,65+,Disapprove,College degree,White,Yes,No,Yes,Donald Trump
Female,35-44,Disapprove,Graduate degree,White,Yes,Yes,Yes,Darth Vader
Male,45-54,Disapprove,Graduate degree,Black,Yes,No,No,DK/REF
Female,65+,Disapprove,Some college,Black,Yes,No,No,DK/REF
Female,65+,Approve,High school,Black,Yes,No,Yes,Donald Trump
Male,35-44,Approve,College degree,Black,Yes,No,No,Donald Trump
Male,35-44,Disapprove,Graduate degree,White,Yes,No,No,Donald Trump
Male,35-44,Disapprove,College degree,DK/REF,No,No,No,DK/REF
Male,45-54,Approve,High school,White,Yes,Yes,No,Donald Trump
Male,45-54,Disapprove,Some college,Other,Yes,Yes,Yes,Darth Vader
Male,65+,Disapprove,High school,Black,Yes,No,No,DK/REF
Male,35-44,Disapprove,Graduate degree,White,Yes,No,Yes,Donald Trump
Female,45-54,Disapprove,College degree,Black,Yes,No,No,Darth Vader
Male,35-44,Approve,High school,White,Yes,Yes,No,Donald Trump
Female,65+,DK/REF,High school,Latino,Yes,No,Yes,DK/REF
Male,65+,Approve,Graduate degree,White,Yes,Yes,Yes,DK/REF
Female,25-34,Approve,Some college,Black,Yes,Yes,Yes,Donald Trump
Female,45-54,Disapprove,College degree,White,Yes,Yes,Yes,DK/REF
Male,55-64,Approve,Some college,White,Yes,Yes,Yes,Donald Trump
Male,18-24,Disapprove,Some college,Latino,Yes,Yes,Yes,Darth Vader
Female,25-34,Disapprove,College degree,White,Yes,No,Yes,Darth Vader
Male,45-54,Approve,High school,White,Yes,Yes,No,Donald Trump
Male,45-54,Approve,High school,White,Yes,Yes,Yes,Donald Trump
Female,65+,Disapprove,Graduate degree,Asian,Yes,No,No,DK/REF
Male,45-54,Approve,Graduate degree,White,Yes,Yes,No,Donald Trump
Male,25-34,Disapprove,High school,White,Yes,No,Yes,Darth Vader
Female,25-34,Disapprove,Graduate degree,White,No,No,Yes,Darth Vader
Female,18-24,Disapprove,College degree,White,Yes,Yes,Yes,DK/REF
Female,18-24,Disapprove,Some college,Latino,Yes,No,No,DK/REF
Female,35-44,Disapprove,College degree,White,Yes,No,No,Darth Vader
Male,18-24,Disapprove,Some college,White,Yes,No,No,DK/REF
Male,45-54,Approve,Graduate degree,White,Yes,Yes,Yes,Donald Trump
Female,25-34,Disapprove,Some college,White,Yes,Yes,No,Darth Vader
Male,35-44,Approve,Some college,White,Yes,No,Yes,Donald Trump
Male,35-44,Approve,High school,White,Yes,Yes,Yes,Donald Trump
Male,45-54,Approve,College degree,White,Yes,Yes,No,Donald Trump
Male,25-34,Disapprove,Some college,White,Yes,Yes,Yes,Darth Vader
Female,25-34,Disapprove,Some college,Latino,Yes,No,No,Darth Vader
Male,65+,Approve,College degree,White,Yes,Yes,Yes,Donald Trump
Male,35-44,Disapprove,Graduate degree,White,Yes,No,Yes,Darth Vader
Male,45-54,Approve,Graduate degree,White,Yes,No,Yes,Donald Trump
Female,35-44,Disapprove,Graduate degree,White,Yes,No,Yes,Darth Vader
Female,18-24,Approve,High school,White,Yes,No,No,Donald Trump
Male,25-34,Approve,College degree,White,Yes,No,No,Donald Trump
Male,35-44,Disapprove,Some college,Latino,Yes,Yes,Yes,Darth Vader
Male,65+,Disapprove,High school,Latino,Yes,No,No,DK/REF
Female,65+,Disapprove,Graduate degree,Black,Yes,No,Yes,DK/REF
Male,35-44,Approve,College degree,White,Yes,No,No,Donald Trump
Male,35-44,Disapprove,College degree,Latino,Yes,Yes,Yes,DK/REF
Female,65+,Disapprove,High school,Latino,Yes,No,No,Darth Vader
Male,25-34,Disapprove,Graduate degree,Black,Yes,No,Yes,Darth Vader
Female,25-34,Disapprove,High school,Latino,Yes,No,No,Darth Vader
Female,25-34,Disapprove,Other,Latino,Yes,No,No,Donald Trump
Female,55-64,Disapprove,Graduate degree,Black,Yes,No,Yes,DK/REF
Female,45-54,Approve,Some college,Latino,Yes,No,Yes,Donald Trump
Male,65+,Approve,Some college,White,Yes,No,Yes,Donald Trump
Female,25-34,Approve,Some college,White,Yes,Yes,Yes,Donald Trump
Female,35-44,DK/REF,Some college,White,Yes,No,No,DK/REF
Female,45-54,Approve,Graduate degree,White,Yes,Yes,Yes,Donald Trump
Male,35-44,Approve,College degree,White,Yes,Yes,Yes,Donald Trump
Male,65+,Disapprove,Graduate degree,Black,Yes,Yes,No,Donald Trump
Female,45-54,Disapprove,Some college,Black,Yes,No,Yes,Darth Vader
Other,35-44,Approve,Graduate degree,White,Yes,DK/REF,Yes,Donald Trump
Female,35-44,Disapprove,High school,White,Yes,No,No,Darth Vader
Male,35-44,DK/REF,Some college,Latino,Yes,Yes,Yes,Donald Trump
Female,45-54,Disapprove,High school,DK/REF,Yes,No,No,Darth Vader
Female,25-34,DK/REF,Graduate degree,White,Yes,Yes,Yes,Donald Trump
Female,35-44,DK/REF,College degree,White,Yes,Yes,No,DK/REF
Male,25-34,Approve,High school,Latino,Yes,Yes,Yes,Donald Trump
Female,35-44,Disapprove,High school,Black,Yes,No,No,Darth Vader
Male,25-34,Approve,College degree,White,Yes,Yes,No,Donald Trump
Male,18-24,Approve,High school,White,Yes,No,No,Donald Trump
Female,45-54,Disapprove,High school,Latino,Yes,No,No,DK/REF
Female,45-54,DK/REF,College degree,White,Yes,No,Yes,Donald Trump
Female,65+,Disapprove,Some college,Black,Yes,No,Yes,Darth Vader
Male,25-34,Approve,Other,White,Yes,Yes,Yes,Donald Trump
Male,65+,Disapprove,Graduate degree,White,Yes,No,No,DK/REF
Male,35-44,Approve,College degree,White,Yes,No,Yes,Donald Trump
Male,35-44,Approve,High school,White,Yes,No,No,Donald Trump
Male,65+,Approve,Graduate degree,White,Yes,Yes,No,Donald Trump
Male,45-54,Disapprove,High school,Black,Yes,No,No,DK/REF
Female,65+,Disapprove,High school,White,Yes,Yes,Yes,Darth Vader
Male,55-64,Disapprove,Some college,White,Yes,Yes,Yes,Darth Vader
Female,45-54,DK/REF,College degree,White,Yes,No,DK/REF,DK/REF
Female,45-54,Disapprove,High school,Black,Yes,No,Yes,Darth Vader
Female,65+,Disapprove,High school,Black,Yes,No,No,DK/REF
Female,65+,Disapprove,College degree,White,Yes,No,DK/REF,DK/REF
Male,35-44,Disapprove,Graduate degree,Asian,Yes,No,No,Darth Vader
Male,35-44,Approve,Graduate degree,White,Yes,Yes,No,DK/REF
Female,25-34,Approve,College degree,White,Yes,Yes,Yes,Donald Trump
Female,65+,Disapprove,Some college,DK/REF,Yes,Yes,Yes,Darth Vader
Male,35-44,Approve,College degree,White,Yes,Yes,Yes,Donald Trump
Female,18-24,DK/REF,High school,White,Yes,DK/REF,No,DK/REF
Male,18-24,DK/REF,High school,Asian,Yes,No,No,Darth Vader
Male,25-34,Approve,Graduate degree,Asian,Yes,No,No,Darth Vader
Male,25-34,Disapprove,College degree,Latino,Yes,No,No,Darth Vader
Male,65+,Approve,Some college,White,Yes,No,No,Donald Trump
Male,55-64,Approve,High school,White,Yes,Yes,DK/REF,Donald Trump
Female,45-54,Approve,Some college,White,Yes,No,Yes,Donald Trump
Male,25-34,Disapprove,Graduate degree,White,Yes,No,Yes,Donald Trump
Female,65+,Disapprove,High school,White,Yes,No,Yes,DK/REF
Female,45-54,Approve,High school,White,Yes,No,Yes,Donald Trump
Male,25-34,Approve,College degree,White,Yes,Yes,No,Donald Trump
DK/REF,65+,Approve,College degree,Black,Yes,Yes,No,Darth Vader
Male,35-44,DK/REF,Some college,Black,Yes,Yes,Yes,Donald Trump
Male,18-24,DK/REF,High school,Asian,DK/REF,No,No,DK/REF
Female,55-64,Approve,High school,White,Yes,No,Yes,Donald Trump
Male,25-34,Disapprove,Some college,White,Yes,Yes,Yes,Darth Vader
Male,35-44,Approve,Some college,Black,Yes,Yes,No,Donald Trump
Female,55-64,Approve,College degree,White,Yes,Yes,Yes,Donald Trump
Female,18-24,DK/REF,College degree,White,Yes,No,No,DK/REF
Male,65+,Approve,High school,White,Yes,Yes,No,Donald Trump
Male,45-54,Disapprove,Graduate degree,White,Yes,No,Yes,Donald Trump
Female,25-34,DK/REF,College degree,Latino,Yes,No,Yes,Darth Vader
Female,25-34,Disapprove,High school,Latino,Yes,No,No,Darth Vader
Female,45-54,Disapprove,Some college,Latino,DK/REF,No,No,DK/REF
Female,65+,Disapprove,Some college,Latino,Yes,Yes,DK/REF,DK/REF
Male,25-34,DK/REF,High school,Latino,Yes,No,No,Donald Trump
Female,65+,Disapprove,Some college,White,Yes,No,No,DK/REF
Female,25-34,Disapprove,Graduate degree,White,Yes,No,Yes,DK/REF
Male,35-44,Disapprove,College degree,White,Yes,Yes,No,Darth Vader
Male,35-44,Approve,Graduate degree,Black,Yes,Yes,Yes,Donald Trump
Female,35-44,Disapprove,Graduate degree,White,Yes,No,Yes,Darth Vader
Male,35-44,Disapprove,Graduate degree,White,Yes,Yes,No,Donald Trump
Female,35-44,Approve,Graduate degree,White,Yes,No,Yes,Donald Trump
Male,35-44,Approve,Graduate degree,White,Yes,No,No,Donald Trump
Male,25-34,Approve,Some college,White,Yes,No,No,Donald Trump
Female,25-34,Disapprove,Some college,DK/REF,No,No,No,Darth Vader
Female,35-44,Disapprove,Graduate degree,White,No,Yes,Yes,DK/REF
Male,55-64,Disapprove,Some college,White,Yes,No,Yes,Donald Trump
Male,25-34,Disapprove,College degree,Latino,Yes,No,Yes,Donald Trump
Female,65+,Approve,College degree,White,Yes,Yes,Yes,Donald Trump
Female,35-44,Approve,Some college,White,Yes,No,Yes,DK/REF
Male,25-34,Approve,College degree,White,Yes,Yes,No,Donald Trump
Male,45-54,Disapprove,College degree,Black,Yes,Yes,No,Darth Vader
Female,35-44,Approve,High school,White,Yes,No,No,Donald Trump
Male,55-64,DK/REF,High school,White,Yes,No,No,DK/REF
Female,35-44,DK/REF,College degree,White,Yes,No,Yes,Darth Vader
Male,55-64,Approve,DK/REF,White,Yes,Yes,No,Donald Trump
Male,18-24,Disapprove,College degree,White,Yes,No,No,Darth Vader
Female,55-64,Disapprove,College degree,White,No,No,Yes,DK/REF
Male,25-34,Approve,High school,White,Yes,Yes,No,Darth Vader
Male,65+,Disapprove,College degree,DK/REF,Yes,No,Yes,DK/REF
Male,18-24,Approve,Some college,White,Yes,Yes,No,Donald Trump
Female,35-44,Approve,College degree,White,Yes,No,Yes,Donald Trump
Male,55-64,Approve,Some college,White,Yes,Yes,Yes,Donald Trump
Other,65+,Approve,Some college,White,Yes,No,Yes,Donald Trump
Female,35-44,Disapprove,Graduate degree,Black,Yes,No,Yes,Darth Vader
Female,65+,Approve,College degree,Latino,Yes,No,DK/REF,Donald Trump
Male,35-44,Disapprove,High school,White,No,No,No,Darth Vader
Male,35-44,Disapprove,College degree,White,Yes,No,No,Donald Trump
Male,35-44,Approve,College degree,White,Yes,Yes,Yes,Donald Trump
Female,65+,Approve,High school,Latino,Yes,No,No,Donald Trump
Female,65+,Disapprove,High school,Latino,Yes,No,Yes,DK/REF
Male,35-44,Disapprove,College degree,Latino,Yes,No,Yes,Donald Trump
Female,45-54,Approve,Some college,White,Yes,No,No,Donald Trump
Male,35-44,Approve,College degree,White,Yes,Yes,No,Darth Vader
Male,35-44,Disapprove,Graduate degree,White,Yes,Yes,Yes,Donald Trump
Female,25-34,Disapprove,High school,White,Yes,Yes,No,Darth Vader
Male,35-44,Approve,Some college,White,Yes,No,Yes,Donald Trump
Female,45-54,Disapprove,Some college,Black,Yes,No,No,Darth Vader
Male,35-44,Disapprove,Graduate degree,White,Yes,Yes,No,Darth Vader
Female,65+,Disapprove,Graduate degree,White,Yes,No,No,Darth Vader
Female,55-64,DK/REF,Graduate degree,DK/REF,DK/REF,Yes,DK/REF,DK/REF
Male,25-34,Approve,High school,White,Yes,Yes,No,Donald Trump
Male,35-44,Disapprove,Graduate degree,White,Yes,Yes,No,Donald Trump
Female,35-44,Disapprove,Graduate degree,White,Yes,No,Yes,DK/REF
Male,35-44,Approve,College degree,White,Yes,Yes,Yes,Donald Trump
Female,55-64,Disapprove,College degree,White,Yes,No,Yes,DK/REF
Male,35-44,Disapprove,College degree,Black,Yes,No,Yes,Darth Vader
Female,35-44,Disapprove,Graduate degree,White,Yes,No,Yes,DK/REF
Female,35-44,Disapprove,Graduate degree,Black,Yes,No,Yes,Darth Vader
Male,55-64,Disapprove,Graduate degree,Black,Yes,No,No,Darth Vader
Female,35-44,Disapprove,College degree,White,Yes,Yes,Yes,Donald Trump
Female,45-54,Disapprove,Graduate degree,White,Yes,No,Yes,DK/REF
Male,65+,Approve,Graduate degree,White,Yes,No,No,Donald Trump
Female,55-64,Disapprove,College degree,White,Yes,Yes,Yes,Donald Trump
Female,45-54,Approve,High school,White,Yes,Yes,Yes,Donald Trump
Male,25-34,Approve,High school,White,Yes,No,No,Donald Trump
Male,55-64,Approve,High school,White,Yes,Yes,Yes,Donald Trump
Female,35-44,Disapprove,Other,White,Yes,No,No,DK/REF
Male,65+,Approve,High school,White,Yes,Yes,DK/REF,Donald Trump
Other,35-44,Approve,College degree,Latino,Yes,No,No,Darth Vader
Male,65+,Disapprove,Some college,White,Yes,Yes,DK/REF,Darth Vader
Male,55-64,DK/REF,Other,Black,Yes,Yes,Yes,Darth Vader
Male,55-64,Approve,High school,White,Yes,Yes,No,Donald Trump
Male,35-44,Disapprove,Some college,Black,Yes,Yes,No,DK/REF
Male,18-24,Approve,Some college,Other,Yes,Yes,No,Donald Trump
Male,45-54,Approve,College degree,White,Yes,Yes,Yes,Donald Trump
Female,45-54,Approve,High school,Latino,Yes,No,No,Darth Vader
Male,25-34,DK/REF,Graduate degree,White,Yes,Yes,Yes,Donald Trump
DK/REF,35-44,Disapprove,College degree,DK/REF,DK/REF,Yes,No,Darth Vader
Male,25-34,Disapprove,College degree,White,Yes,No,No,Darth Vader
Female,18-24,Disapprove,High school,DK/REF,Yes,No,Yes,Darth Vader
Female,25-34,DK/REF,Some college,White,Yes,Yes,Yes,DK/REF
Female,18-24,Disapprove,Some college,White,No,No,No,Donald Trump
Male,45-54,Approve,College degree,Latino,Yes,No,Yes,Donald Trump
Male,18-24,Disapprove,Some college,White,Yes,Yes,Yes,Darth Vader
Female,65+,Approve,High school,White,No,No,Yes,Donald Trump
Male,65+,Disapprove,College degree,Other,Yes,Yes,Yes,DK/REF
Male,65+,Approve,College degree,White,Yes,No,Yes,Donald Trump
Male,35-44,Approve,College degree,DK/REF,Yes,No,Yes,Donald Trump
Male,45-54,Disapprove,College degree,White,Yes,Yes,Yes,Darth Vader
Female,55-64,Disapprove,High school,Latino,Yes,No,No,Darth Vader
Female,18-24,Disapprove,High school,Other,Yes,No,No,Darth Vader
Female,25-34,Disapprove,Some college,Latino,Yes,No,Yes,Donald Trump
Female,18-24,Disapprove,Some college,Latino,Yes,No,No,Darth Vader
Male,65+,Disapprove,Some college,Black,Yes,No,No,Darth Vader
Male,35-44,Disapprove,College degree,White,Yes,Yes,Yes,Donald Trump
Female,35-44,DK/REF,College degree,White,Yes,Yes,No,DK/REF
Male,35-44,Disapprove,Graduate degree,White,Yes,Yes,Yes,Donald Trump
Male,35-44,Disapprove,College degree,Latino,Yes,Yes,No,Darth Vader
Female,65+,Disapprove,High school,White,Yes,No,No,DK/REF
Female,35-44,Approve,College degree,White,Yes,No,Yes,Donald Trump
Female,35-44,Disapprove,Graduate degree,White,Yes,Yes,Yes,DK/REF
Female,25-34,Disapprove,High school,White,Yes,No,No,Darth Vader
Male,65+,Approve,Graduate degree,White,Yes,No,Yes,Donald Trump
Female,35-44,DK/REF,College degree,White,Yes,No,Yes,DK/REF
Male,55-64,Disapprove,College degree,White,Yes,Yes,Yes,Darth Vader
Male,25-34,Approve,Graduate degree,White,Yes,No,No,DK/REF
Male,35-44,DK/REF,High school,White,Yes,Yes,No,Donald Trump
Male,25-34,Approve,College degree,White,Yes,No,Yes,Donald Trump
Male,35-44,DK/REF,Other,White,Yes,Yes,No,DK/REF
Female,65+,Approve,High school,White,Yes,No,No,DK/REF
Male,35-44,Approve,College degree,White,Yes,Yes,Yes,Donald Trump
Female,35-44,Approve,College degree,White,Yes,Yes,Yes,Donald Trump
Female,25-34,Disapprove,Some college,Latino,Yes,No,No,DK/REF
Female,35-44,Disapprove,College degree,DK/REF,Yes,Yes,Yes,Donald Trump
Female,45-54,Approve,Some college,White,Yes,Yes,Yes,Donald Trump
Female,35-44,DK/REF,College degree,White,Yes,No,No,DK/REF
Male,55-64,Disapprove,College degree,White,Yes,Yes,Yes,Darth Vader
Female,35-44,DK/REF,Some college,White,Yes,No,Yes,DK/REF
Male,35-44,DK/REF,College degree,White,Yes,No,Yes,Donald Trump
Female,65+,Disapprove,Other,White,Yes,Yes,Yes,DK/REF
Female,18-24,Disapprove,Some college,Latino,Yes,No,No,Donald Trump
Female,35-44,DK/REF,Graduate degree,Latino,Yes,No,DK/REF,DK/REF
Female,25-34,Disapprove,College degree,Asian,Yes,No,No,Darth Vader
Other,25-34,Disapprove,Graduate degree,DK/REF,Yes,No,Yes,DK/REF
Female,35-44,Disapprove,College degree,Latino,Yes,No,Yes,Darth Vader
Male,35-44,Disapprove,College degree,White,Yes,No,Yes,Donald Trump
Male,65+,Approve,Graduate degree,White,Yes,Yes,No,Donald Trump
Male,65+,Approve,College degree,White,Yes,Yes,Yes,Donald Trump
Male,25-34,Disapprove,High school,White,No,Yes,No,Darth Vader
Other,25-34,Approve,College degree,White,Yes,Yes,Yes,Donald Trump
Male,65+,Approve,High school,White,Yes,Yes,No,Donald Trump
Male,25-34,Disapprove,College degree,White,Yes,No,No,Darth Vader
Female,45-54,Disapprove,Graduate degree,White,Yes,No,No,DK/REF
Male,25-34,Approve,Some college,White,Yes,Yes,No,Donald Trump
Male,45-54,Approve,Graduate degree,White,Yes,Yes,Yes,Donald Trump
Female,55-64,Disapprove,College degree,White,Yes,No,Yes,Darth Vader
Male,18-24,Disapprove,College degree,White,Yes,Yes,No,Donald Trump
Male,35-44,DK/REF,College degree,Latino,Yes,Yes,No,Donald Trump
Female,65+,Approve,College degree,White,Yes,Yes,Yes,Donald Trump
Male,55-64,Approve,High school,Latino,Yes,No,No,Donald Trump
Female,45-54,Disapprove,College degree,Other,Yes,Yes,Yes,Darth Vader
Male,65+,Approve,Other,White,Yes,Yes,Yes,Donald Trump
Male,18-24,DK/REF,College degree,Black,Yes,No,No,Darth Vader
Male,35-44,Approve,College degree,White,Yes,Yes,No,Donald Trump
Female,65+,Disapprove,Some college,White,Yes,No,No,DK/REF
Female,25-34,Disapprove,Other,White,Yes,No,Yes,Darth Vader
Male,65+,Disapprove,Graduate degree,White,Yes,Yes,Yes,Donald Trump
Male,18-24,Approve,Some college,White,Yes,Yes,Yes,Donald Trump
Female,55-64,Approve,College degree,Black,Yes,No,Yes,Donald Trump
Female,65+,Approve,Graduate degree,White,Yes,Yes,Yes,Donald Trump
Male,45-54,DK/REF,High school,Asian,Yes,No,No,Donald Trump
Male,65+,Approve,Some college,White,Yes,Yes,Yes,Donald Trump
Female,55-64,Approve,College degree,White,Yes,No,Yes,Donald Trump
Female,25-34,Approve,Graduate degree,White,Yes,No,No,Donald Trump
Male,55-64,Disapprove,Some college,White,Yes,No,Yes,Donald Trump
Male,45-54,Approve,Some college,Other,Yes,Yes,Yes,Donald Trump
Female,25-34,Approve,Some college,White,Yes,No,No,Donald Trump
Male,35-44,Disapprove,College degree,White,Yes,No,No,Donald Trump
Female,65+,Disapprove,Some college,White,Yes,No,Yes,Darth Vader
Female,25-34,DK/REF,College degree,White,Yes,No,Yes,DK/REF
Female,25-34,DK/REF,College degree,White,Yes,No,No,DK/REF
Male,55-64,Disapprove,Some college,White,Yes,Yes,Yes,Donald Trump
Male,18-24,Disapprove,College degree,Latino,Yes,No,No,Donald Trump
Male,65+,Disapprove,Graduate degree,DK/REF,Yes,Yes,Yes,DK/REF
Male,18-24,Disapprove,College degree,Latino,Yes,No,Yes,Donald Trump
Male,65+,DK/REF,High school,White,Yes,No,No,Darth Vader
Male,18-24,Disapprove,Some college,White,Yes,No,Yes,Darth Vader
Female,45-54,Approve,Graduate degree,White,Yes,No,Yes,Donald Trump
Male,18-24,Disapprove,High school,White,Yes,No,No,Darth Vader
Female,18-24,Disapprove,High school,Latino,Yes,Yes,No,Donald Trump
Male,55-64,Disapprove,College degree,White,Yes,No,Yes,DK/REF
Male,65+,Disapprove,College degree,DK/REF,Yes,Yes,Yes,DK/REF
Male,45-54,DK/REF,Some college,Asian,Yes,No,No,DK/REF
Female,45-54,Approve,Some college,White,Yes,Yes,Yes,Donald Trump
Female,35-44,Disapprove,High school,White,Yes,No,No,Darth Vader
Male,35-44,DK/REF,College degree,Black,Yes,No,No,DK/REF
Female,18-24,Disapprove,Some college,Latino,Yes,No,No,Darth Vader
Male,45-54,Disapprove,Graduate degree,White,Yes,Yes,Yes,DK/REF
Male,18-24,Disapprove,High school,Latino,Yes,No,Yes,Darth Vader
Male,25-34,Disapprove,Graduate degree,White,No,Yes,Yes,Darth Vader
Female,55-64,Approve,Graduate degree,White,Yes,Yes,Yes,Donald Trump
Female,55-64,Disapprove,Graduate degree,White,Yes,No,Yes,Darth Vader
Female,18-24,Approve,Some college,Latino,Yes,No,Yes,DK/REF
Female,25-34,Disapprove,Graduate degree,White,No,No,No,Donald Trump
Female,25-34,Disapprove,Some college,Asian,Yes,No,Yes,Donald Trump
Male,45-54,DK/REF,Graduate degree,Other,Yes,DK/REF,No,Donald Trump
Male,35-44,Approve,High school,Latino,Yes,No,No,Donald Trump
Female,25-34,Approve,Some college,White,Yes,No,No,Donald Trump
Female,25-34,Disapprove,College degree,White,Yes,No,No,Darth Vader
Male,35-44,Disapprove,Graduate degree,Black,Yes,No,Yes,DK/REF
Male,65+,Disapprove,High school,White,Yes,Yes,No,Darth Vader
Female,25-34,Disapprove,Graduate degree,White,Yes,No,Yes,Darth Vader
Female,35-44,Disapprove,Some college,Asian,Yes,No,Yes,Darth Vader
Male,55-64,Disapprove,College degree,White,Yes,No,Yes,Donald Trump
Female,35-44,Disapprove,Graduate degree,White,Yes,No,Yes,DK/REF
Male,18-24,Disapprove,High school,White,No,No,Yes,Donald Trump
Male,45-54,DK/REF,High school,Latino,Yes,No,Yes,DK/REF
Female,35-44,Disapprove,Graduate degree,White,Yes,No,Yes,Darth Vader
Male,65+,Approve,High school,White,Yes,No,Yes,Donald Trump
Male,18-24,Disapprove,Some college,Latino,Yes,No,Yes,Darth Vader
Male,55-64,Disapprove,High school,Latino,Yes,Yes,Yes,Darth Vader
Female,55-64,Disapprove,High school,Asian,Yes,No,No,DK/REF
Male,45-54,Disapprove,College degree,White,Yes,Yes,No,Donald Trump
Other,25-34,Disapprove,Graduate degree,Black,Yes,No,No,Darth Vader
Male,18-24,Disapprove,High school,Latino,Yes,No,Yes,Darth Vader
Female,35-44,Disapprove,Some college,Black,Yes,No,No,Darth Vader
Male,45-54,Disapprove,College degree,White,Yes,No,Yes,Darth Vader
Male,25-34,Approve,Graduate degree,White,Yes,No,Yes,Donald Trump
Male,18-24,Disapprove,Some college,Black,No,No,No,DK/REF
Female,18-24,Approve,Some college,White,Yes,Yes,Yes,Donald Trump
Male,35-44,Disapprove,Some college,Other,Yes,Yes,Yes,Darth Vader
Female,55-64,Approve,College degree,White,Yes,Yes,Yes,Donald Trump
Male,25-34,DK/REF,College degree,Asian,Yes,Yes,Yes,Darth Vader
Male,65+,Approve,Some college,White,Yes,Yes,No,Donald Trump
Female,18-24,Disapprove,Some college,White,Yes,No,Yes,Darth Vader
Male,65+,Disapprove,Graduate degree,White,Yes,No,Yes,Donald Trump
Female,55-64,Disapprove,College degree,Black,Yes,No,Yes,DK/REF
Male,55-64,Disapprove,High school,Black,No,No,No,Darth Vader
Female,35-44,Disapprove,Graduate degree,White,Yes,No,Yes,Donald Trump
Female,25-34,DK/REF,Graduate degree,White,Yes,Yes,Yes,Donald Trump
Female,25-34,Approve,College degree,Asian,Yes,No,No,Donald Trump
Male,18-24,Disapprove,Some college,Asian,Yes,No,No,Darth Vader
Female,45-54,Disapprove,Some college,Black,Yes,No,Yes,Darth Vader
Female,35-44,Disapprove,College degree,Latino,Yes,No,Yes,Darth Vader
Female,35-44,Approve,High school,White,Yes,No,Yes,Donald Trump
Female,55-64,Disapprove,Some college,Other,Yes,No,Yes,Darth Vader
Male,35-44,Approve,Some college,DK/REF,Yes,Yes,No,Donald Trump
Male,65+,Approve,Graduate degree,Latino,Yes,Yes,Yes,Donald Trump
Female,65+,DK/REF,High school,White,Yes,No,No,DK/REF
Male,25-34,Approve,Some college,White,Yes,No,Yes,Donald Trump
Female,25-34,Disapprove,High school,White,Yes,No,Yes,DK/REF
Female,35-44,DK/REF,Graduate degree,White,Yes,Yes,Yes,Donald Trump
Male,25-34,Disapprove,Graduate degree,White,Yes,No,Yes,Darth Vader
Other,65+,Approve,Other,DK/REF,Yes,Yes,Yes,Donald Trump
Male,55-64,Approve,College degree,White,Yes,No,Yes,Donald Trump
Male,65+,DK/REF,College degree,White,Yes,No,No,Donald Trump
Male,25-34,Disapprove,College degree,Latino,Yes,No,Yes,Donald Trump
Male,65+,Disapprove,High school,Black,Yes,Yes,No,Darth Vader
Male,55-64,Disapprove,College degree,Asian,Yes,No,Yes,Darth Vader
Female,35-44,Disapprove,High school,Black,No,No,No,DK/REF
Male,65+,Disapprove,High school,White,Yes,Yes,No,Darth Vader
Male,45-54,Disapprove,Some college,Black,Yes,No,No,Darth Vader
Female,18-24,Disapprove,Some college,White,No,No,Yes,Donald Trump
Male,55-64,Approve,Graduate degree,White,Yes,No,Yes,Donald Trump
Male,18-24,DK/REF,High school,White,Yes,No,Yes,Donald Trump
Male,65+,Disapprove,High school,Black,Yes,Yes,Yes,Darth Vader
Male,35-44,Approve,Graduate degree,White,Yes,Yes,Yes,Donald Trump
Female,55-64,Approve,Graduate degree,White,Yes,No,Yes,Donald Trump
Male,55-64,Approve,Some college,White,Yes,Yes,Yes,Donald Trump
Male,18-24,Approve,Graduate degree,White,Yes,No,Yes,Donald Trump
Male,18-24,Disapprove,Graduate degree,White,Yes,Yes,Yes,Donald Trump
Male,18-24,Approve,Some college,White,Yes,Yes,Yes,Donald Trump
Female,55-64,Disapprove,College degree,Asian,Yes,No,Yes,DK/REF
Female,25-34,Disapprove,College degree,White,Yes,Yes,Yes,Darth Vader
Male,45-54,Approve,High school,White,Yes,No,Yes,Donald Trump
Female,65+,Approve,Graduate degree,White,Yes,No,Yes,Donald Trump
Female,25-34,Disapprove,Graduate degree,White,Yes,No,No,DK/REF
Male,25-34,Disapprove,College degree,White,Yes,Yes,Yes,Donald Trump
Female,45-54,Disapprove,High school,Black,Yes,No,No,DK/REF
Female,55-64,Disapprove,College degree,Other,Yes,No,Yes,Darth Vader
Male,25-34,Disapprove,Some college,Latino,Yes,No,No,DK/REF
Female,55-64,Disapprove,College degree,White,Yes,No,No,Donald Trump
Female,35-44,Disapprove,College degree,White,Yes,No,Yes,Darth Vader
Male,55-64,Disapprove,Some college,White,Yes,No,No,DK/REF
Female,55-64,Disapprove,Some college,White,Yes,Yes,Yes,Darth Vader
Female,45-54,DK/REF,Graduate degree,White,Yes,No,No,DK/REF
Male,45-54,Disapprove,High school,White,Yes,Yes,Yes,Donald Trump
Male,65+,DK/REF,Other,DK/REF,Yes,Yes,Yes,Donald Trump
Male,35-44,Approve,College degree,Latino,Yes,Yes,Yes,Donald Trump
Female,45-54,DK/REF,Graduate degree,White,Yes,Yes,No,DK/REF
Other,25-34,Disapprove,Some college,White,Yes,Yes,Yes,Darth Vader
Female,65+,Disapprove,Graduate degree,White,Yes,No,Yes,Donald Trump
Female,65+,Approve,College degree,White,Yes,Yes,Yes,DK/REF
Male,18-24,DK/REF,High school,Black,Yes,No,No,DK/REF
Male,55-64,Approve,High school,White,Yes,Yes,No,Donald Trump
Male,25-34,DK/REF,Some college,White,Yes,Yes,No,Donald Trump
Male,65+,Disapprove,College degree,Black,Yes,No,No,DK/REF
Male,35-44,Approve,Other,White,Yes,Yes,Yes,Donald Trump
Male,35-44,Disapprove,College degree,White,Yes,Yes,Yes,Donald Trump
Male,45-54,Disapprove,Some college,White,Yes,No,Yes,Darth Vader
Female,65+,Approve,Graduate degree,White,Yes,Yes,No,Donald Trump
Female,25-34,Approve,Other,White,Yes,Yes,Yes,Donald Trump
Male,25-34,Approve,College degree,White,Yes,Yes,No,Donald Trump
Male,45-54,Disapprove,Some college,White,Yes,No,No,DK/REF
Female,45-54,Disapprove,Other,DK/REF,Yes,No,No,Darth Vader
Female,45-54,Approve,Some college,White,Yes,Yes,Yes,Donald Trump
Male,25-34,Approve,High school,Latino,Yes,Yes,No,Donald Trump
Female,45-54,Disapprove,Graduate degree,White,Yes,No,Yes,DK/REF
Female,65+,Disapprove,Graduate degree,White,Yes,No,No,Darth Vader
Female,65+,Approve,College degree,White,Yes,Yes,Yes,Donald Trump
Male,65+,Approve,College degree,White,Yes,Yes,Yes,Donald Trump
Male,65+,DK/REF,High school,Black,Yes,No,No,DK/REF
Male,35-44,Disapprove,Graduate degree,White,Yes,No,No,Donald Trump
Male,45-54,Approve,Graduate degree,White,Yes,Yes,No,Donald Trump
Male,18-24,Disapprove,Graduate degree,Latino,Yes,Yes,No,Darth Vader
Female,35-44,Disapprove,College degree,Other,No,Yes,Yes,Donald Trump
Male,55-64,Approve,Graduate degree,Other,Yes,No,No,Donald Trump
Male,65+,Disapprove,Graduate degree,White,Yes,No,No,Darth Vader
Female,35-44,Disapprove,College degree,DK/REF,Yes,No,Yes,Darth Vader
Male,35-44,Disapprove,Some college,Latino,Yes,No,No,Darth Vader
Female,55-64,Approve,Some college,White,Yes,No,Yes,Donald Trump
Female,25-34,Disapprove,High school,Latino,Yes,No,No,Darth Vader
Male,35-44,Approve,Some college,White,Yes,Yes,Yes,Darth Vader
Female,45-54,DK/REF,Some college,Latino,Yes,No,No,Donald Trump
Female,25-34,Approve,College degree,White,Yes,Yes,Yes,Donald Trump
Female,18-24,Disapprove,Some college,White,Yes,No,No,Donald Trump
Female,25-34,Approve,College degree,White,Yes,Yes,Yes,Donald Trump
Male,25-34,DK/REF,Some college,White,Yes,No,Yes,Donald Trump
Male,35-44,Disapprove,College degree,White,Yes,Yes,Yes,Donald Trump
Male,25-34,Disapprove,Graduate degree,White,Yes,No,Yes,Darth Vader
Male,25-34,DK/REF,Some college,Black,Yes,No,No,Donald Trump
Male,45-54,Disapprove,High school,Black,Yes,Yes,Yes,Darth Vader
Male,45-54,Approve,Graduate degree,DK/REF,Yes,No,No,Donald Trump
Female,55-64,Disapprove,High school,Black,Yes,No,No,Darth Vader
Female,55-64,Approve,College degree,White,Yes,No,Yes,Donald Trump
Male,25-34,DK/REF,Graduate degree,Asian,Yes,No,No,Donald Trump
DK/REF,35-44,Disapprove,Some college,DK/REF,DK/REF,Yes,Yes,Darth Vader
Male,55-64,Approve,College degree,Latino,Yes,Yes,No,Donald Trump
Female,55-64,Disapprove,Graduate degree,White,Yes,No,Yes,Darth Vader
Female,45-54,Approve,Graduate degree,White,Yes,No,Yes,Donald Trump
Female,55-64,Approve,Graduate degree,Latino,Yes,No,Yes,Donald Trump
Male,25-34,Disapprove,High school,Latino,Yes,No,No,Darth Vader
Male,25-34,Disapprove,Graduate degree,White,Yes,No,Yes,Darth Vader
Female,65+,Approve,High school,White,Yes,No,No,Donald Trump
Male,55-64,Approve,Some college,White,Yes,Yes,No,Donald Trump
Female,55-64,DK/REF,High school,White,Yes,No,Yes,Donald Trump
Female,65+,DK/REF,High school,White,Yes,No,No,Donald Trump
Male,35-44,Approve,Some college,White,Yes,Yes,No,Donald Trump